Text,Label
An AI-driven platform for real-time fraud detection in fintech apps,Strong
"A dating app that uses your birth chart to find matches.,neutral",Neutral
A blockchain-based solution for verifying academic credentials.,Strong
A mobile app that tracks how many steps your cat takes.,Weak
Decentralized identity verification using zk-rollups.,Strong
A marketplace for used chewing gum art.,Weak
A crypto-based loyalty rewards system for e-commerce.,Neutral
Revolutionizing mental health access through AI-powered therapy bots.,Strong
A social network for introverts that limits interaction.,Neutral
A wristband that vibrates every time Bitcoin drops.,Weak
AI-powered supply chain optimization for small businesses.,Strong
An app that helps you talk to your plants.,Weak
Tokenized carbon credit exchange for eco-conscious brands.,Strong
A web3-powered platform for fan fiction NFTs.,Neutral
Automated legal document summarizer using NLP.,Strong
An AI that writes poems based on your mood.,Neutral
Social impact donations using micro-transactions in crypto.,Strong
A decentralized cookbook where users stake recipes.,Weak
AI-generated memes for marketing campaigns.,Neutral
Blockchain-based medical data sharing with patient control.,Strong
A fitness app that rewards calories burned with tokens.,Neutral
A network that connects pets with spiritual healers.,Weak
AI co-pilot for enterprise sales teams to close deals faster.,Strong
A decentralized babysitting service run on smart contracts.,Weak
An app that lets friends invest in your dreams.,Neutral
ML-powered risk scoring engine for microloans in rural areas.,Strong
An AI tutor that adapts to each student’s pace and style.,Strong
A crypto wallet that only works when you're outdoors.,Weak
Token-gated experiences for art gallery memberships.,Neutral
AI that predicts employee burnout before it happens.,Strong
Decentralized news aggregator with bias detection.,Strong
A voice-controlled AI therapist for your dog.,Weak
Privacy-preserving ad targeting using federated learning.,Strong
An NFT-based time capsule you can open in 20 years.,Neutral
AI-powered market research for indie game developers.,Strong
A dating app that only matches people with the same coffee order.,Weak
Real-time KYC checks for DeFi platforms using DIDs.,Strong
A platform for auctioning off personal secrets anonymously.,Weak
AI resume builder that aligns your CV with job listings instantly.,Strong
Crypto-based tipping app for street musicians.,Neutral
Smart contract insurance for crop failures.,Strong
A watch that judges your productivity and tweets it.,Weak
Web3 credential wallet for education and skills.,Strong
Voice-cloned AI speakers for loved ones who passed away.,Neutral
A DAO for deciding who gets to wear what fashion trends.,Weak
Prediction market for startup fundraising outcomes.,Strong
Blockchain voting app for college student elections.,Neutral
A toaster that analyzes the blockchain for temperature settings.,Weak
AI-powered policy builder for DAO governance frameworks.,Strong
A smart mirror that suggests outfits based on mood detection.,Neutral
A metaverse simulator for plant growth.,Weak
Smart contract tracker for freelancer payment milestones.,Strong
Crypto-powered universal basic income for creators.,Strong
An app that translates baby cries into adult speech.,Weak
Zero-knowledge proof-based attendance tracker.,Strong
A tokenized platform for sharing your dreams with investors.,Neutral
ML-based churn predictor for subscription services.,Strong
A crypto project that maps emotional states to NFTs.,Weak
Web3-powered collaborative coding with trust scoring.,Strong
A fridge that buys groceries when you're sad.,Weak
AI-powered grant application analyzer for nonprofits.,Strong
AR-based interior design planning using blockchain ownership.,Neutral
A calendar app that rewards you for being punctual with tokens.,Weak
Decentralized platform for managing creator licensing rights.,Strong
A meditation app that mines Bitcoin in the background.,Weak
A productivity dashboard for DAOs with live governance analytics.,Strong
Blockchain-based proof of volunteering platform.,Strong
A metaverse school for dogs.,Weak
AI co-founder that helps you build your MVP from scratch.,Strong
A perfume subscription box based on your moon sign.,Neutral
Token-incentivized recycling bins with smart sensors.,Strong
A social betting app where people bet on your life decisions.,Weak
Decentralized reputation scores for freelancers based on client feedback.,Strong
A biohacking DAO with token-gated nootropics access.,Neutral
A crypto credit card for kids with built-in allowance limits.,Neutral
A music app that rewards you for listening to underground artists.,Neutral
AI tools for automating pitch decks and startup briefs.,Strong
An NFT that changes with your mood detected via smart ring.,Weak
An open-source dataset for climate-risk scoring in real estate.,Strong
Personal health record vault using zero-knowledge proofs.,Strong
A social network that deletes your friends weekly.,Weak
A DAO to decide which cities deserve public art.,Neutral
An AI hiring manager for filtering top candidates automatically.,Strong
A blockchain-based swear jar app.,Weak
Time-locked NFTs for annual goal tracking.,Neutral
Real-time blockchain dashboard for impact-driven startups.,Strong
A headset that feeds you startup ideas during sleep.,Weak
Tokenized philanthropy platform with transparent impact trails.,Strong
A machine-learning news app that eliminates clickbait headlines.,Strong
An app that ranks your friends by loyalty using secret metrics.,Weak
A voice-to-text note app that translates into emojis.,Weak
Startup due diligence automation using AI and public data.,Strong
A meditation app that makes fun of you if you skip.,Weak
A crypto-based payroll for hourly gig workers.,Strong
An AI for choosing your pet's name based on astrology.,Neutral
A decentralized talent pool with automated skill assessments.,Strong
A VR metaverse for virtual high-fives.,Weak
A DAO for deciding the next big meme coin.,Neutral
"We have developed a groundbreaking mobile application that solves a common problem in the restaurant industry. By leveraging machine learning algorithms, our app accurately predicts customer demand, helping restaurant owners optimize their inventory management and reduce food waste",Strong
"Our startup is focused on revolutionizing the transportation sector. With our innovative electric vehicle technology, we aim to address the environmental challenges associated with traditional gasoline-powered cars. Our team of experienced engineers and environmental experts is dedicated to creating a sustainable and efficient mobility solution.",Strong
"We are a fintech startup aiming to disrupt the lending industry. Our platform connects borrowers with a network of peer-to-peer lenders, eliminating the need for traditional banks and reducing interest rates for borrowers. With our robust risk assessment algorithms and secure platform, we provide a reliable and efficient alternative to traditional lending institutions.",Strong
"Our company has developed a cutting-edge healthcare device that revolutionizes patient monitoring. By leveraging advanced sensor technology and cloud-based analytics, our device continuously collects and analyzes vital signs, providing real-time insights to healthcare professionals. With our solution, hospitals can improve patient outcomes and reduce healthcare costs.",Strong
"We are a marketplace startup that connects freelance designers with clients seeking creative services. Our platform offers a curated selection of talented designers and provides a seamless collaboration experience. By leveraging our extensive network and user-friendly interface, we aim to transform the way businesses find and work with designers.",Neutral
"Our startup is focused on revolutionizing the renewable energy sector. We have developed a breakthrough solar panel technology that is more efficient and affordable than traditional models. With our innovative solution, we aim to accelerate the adoption of solar energy worldwide, addressing the global energy crisis and combating climate change.",Strong
"We are a healthtech startup that aims to improve medication adherence among patients. Our mobile app sends personalized reminders to patients, helping them stay on track with their medication schedules. By addressing the problem of non-adherence, we aim to improve patient outcomes and reduce healthcare costs.",Neutral
"Our company is developing an AI-powered chatbot that revolutionizes customer support for e-commerce businesses. With our solution, businesses can provide instant and personalized customer service, improving customer satisfaction and boosting sales. Our team of AI experts and industry veterans ensures that our chatbot delivers superior performance and adapts to each business's unique needs.",Strong
"We are a fashion tech startup that combines artificial intelligence with personalized styling to create a unique shopping experience. Our platform analyzes customer preferences and body measurements to curate personalized clothing recommendations. With our solution, we aim to transform the way people discover and purchase fashion items online.",Strong
"Our company is developing a blockchain-based platform that enables secure and transparent supply chain management. By leveraging distributed ledger technology, we provide end-to-end visibility and traceability, ensuring authenticity and reducing fraud in global supply chains. With our solution, businesses can build trust with their customers and streamline their operations.",Strong
"We have developed an innovative financial analytics software that empowers businesses to make data-driven decisions. Our platform integrates with multiple data sources, providing real-time insights and predictive analytics. With our solution, companies can optimize their financial performance, identify trends, and stay ahead of the competition.",Neutral
"Our startup aims to revolutionize the real estate industry with our AI-powered property management platform. We provide landlords and property managers with advanced tools to automate tasks, streamline operations, and enhance tenant experiences. With our solution, property owners can maximize their rental income and improve overall property management efficiency.",Strong
"We are a healthtech startup that focuses on personalized nutrition. Our mobile app analyzes users' dietary preferences, health goals, and genetic data to provide tailored meal plans and nutritional recommendations. With our solution, individuals can optimize their health and well-being by following a personalized diet that meets their unique needs.",Neutral
"Our startup is disrupting the education industry with our online learning platform. We offer interactive courses taught by industry experts, providing learners with practical skills and knowledge. With our solution, individuals can upskill and reskill to meet the demands of the ever-changing job market.",Neutral
"We have developed a revolutionary home automation system that simplifies the management of smart devices. Our platform integrates with popular smart home devices and offers a unified interface for controlling and automating various aspects of home technology. With our solution, homeowners can enjoy a seamless and intuitive smart home experience.",Neutral
"Our startup is on a mission to make sustainable fashion accessible to everyone. We curate a collection of eco-friendly and ethically produced clothing from various brands, making it easy for consumers to shop consciously. With our platform, individuals can make a positive impact on the environment without compromising on style.",Strong
"We are a social media analytics startup that helps businesses unlock the power of social media data. Our platform provides deep insights into audience behavior, sentiment analysis, and campaign performance. With our solution, companies can optimize their social media strategies, engage with their target audience, and drive meaningful business results.",Strong
"Our company specializes in virtual reality (VR) training solutions for high-risk industries. We create immersive VR simulations that allow employees to practice complex tasks and emergency procedures in a safe and realistic environment. With our solution, businesses can enhance training effectiveness, improve employee skills, and reduce training costs.",Neutral
"We have developed a smart home security system that leverages artificial intelligence and machine learning algorithms. Our system can detect and prevent unauthorized access, monitor for potential threats, and provide real-time alerts to homeowners. With our solution, individuals can enhance the safety and security of their homes, giving them peace of mind whether they're at home or away.",Strong
"Our startup is focused on revolutionizing the beauty industry with our innovative skincare products. We have developed a unique formula using natural and organic ingredients that effectively nourish and rejuvenate the skin. With our solution, individuals can achieve healthy and radiant skin without the use of harmful chemicals",Strong
"We are an AI-driven marketing automation platform that helps businesses optimize their customer engagement and increase conversions. Our platform analyzes customer data, behavior, and preferences to deliver personalized marketing campaigns across multiple channels. With our solution, businesses can create targeted and effective marketing strategies that drive growth and revenue.",Neutral
"Our company is developing a next-generation virtual reality headset that offers an unparalleled immersive experience. With advanced optics, haptic feedback, and precise motion tracking, our headset transports users into virtual worlds like never before. With our solution, individuals can explore virtual reality applications ranging from gaming and entertainment to training and education.",Strong
"We are a social networking platform designed exclusively for professionals in the healthcare industry. Our platform provides a secure and collaborative environment for healthcare professionals to connect, share knowledge, and collaborate on patient care. With our solution, professionals can network with peers, access the latest research, and improve patient outcomes.",Neutral
"Our startup is focused on revolutionizing the food delivery industry with our autonomous delivery robots. Using cutting-edge robotics and AI technology, our robots can navigate safely and efficiently in urban environments, delivering food orders to customers' doorsteps. With our solution, businesses can streamline their delivery operations, reduce costs, and provide a convenient and contactless delivery experience.",Strong
"We have developed a cloud-based project management platform that helps teams collaborate and manage projects effectively. With features such as task tracking, file sharing, and real-time communication, our platform improves productivity and streamlines project workflows. With our solution, businesses can deliver projects on time and within budget, achieving their goals with ease.",Neutral
"Our startup is on a mission to eliminate single-use plastic waste with our innovative reusable packaging solution. We provide eco-friendly packaging options for food and beverages, reducing the environmental impact of packaging waste. With our solution, businesses can align with sustainability goals and cater to eco-conscious consumers.",Neutral
"We are a healthtech startup that is revolutionizing the way healthcare providers manage patient records. Our electronic health records (EHR) platform offers a secure and interoperable solution for storing and accessing patient information. With our solution, healthcare providers can streamline workflows, improve patient care coordination, and enhance data security.",Neutral
"Our startup is backed by a team of seasoned industry veterans and renowned advisors who bring decades of experience in the technology sector. With their guidance, we have developed a cutting-edge software solution that revolutionizes data analytics, enabling businesses to unlock valuable insights and make informed decisions.",Neutral
"We have assembled a world-class team of engineers, designers, and product managers who are passionate about creating innovative solutions in the healthcare space. With the support of our experienced advisors, we are developing a groundbreaking medical device that has the potential to revolutionize patient care and improve outcomes.",Neutral
"Our startup is proud to have a diverse and talented team that brings together expertise from various fields, including technology, marketing, and finance. With the guidance of our experienced advisors, we are developing a disruptive mobile app that will revolutionize the way people manage their personal finances and achieve their financial goals.",Neutral
"We have a team of visionary entrepreneurs who have successfully built and scaled multiple startups in the past. With their invaluable experience and insights, we are developing an AI-powered chatbot that will transform customer support in the e-commerce industry. Our advisors, who are industry leaders in customer experience, are guiding us every step of the way.",Neutral
"Our startup has a strong team of scientists and researchers who are at the forefront of breakthroughs in renewable energy technology. With the guidance of our esteemed advisors, who are recognized experts in the field, we are developing a revolutionary solar panel that will significantly increase energy efficiency and accelerate the adoption of clean energy worldwide.",Strong
"We have an exceptional team of software engineers and data scientists who are passionate about leveraging artificial intelligence to drive innovation. With the mentorship of our accomplished advisors, we are developing a machine learning platform that will empower businesses to harness the power of data and gain a competitive edge in their respective industries.",Neutral
"Our startup is backed by a team of renowned experts in the biotech industry who have a proven track record of bringing life-saving therapies to market. With their guidance and expertise, we are developing a groundbreaking treatment for a rare genetic disorder that currently lacks effective therapeutic options. Our team's dedication, combined with the wisdom of our advisors, gives us a strong foundation to make a significant impact on patients' lives.",Strong
"We have a multidisciplinary team of designers, engineers, and product specialists who are passionate about creating exceptional user experiences. With the mentorship of our experienced advisors, we are developing an innovative mobile app that will revolutionize the way people discover and book unique travel experiences. Our team's expertise, coupled with the guidance of our advisors, ensures that we deliver a product that exceeds customer expectations.",Neutral
"Our startup is fortunate to have a team of industry-leading experts who have deep domain knowledge and extensive experience in the financial services sector. With their guidance, we are developing a disruptive fintech platform that will democratize access to financial services and empower individuals to take control of their financial futures. Our team's expertise, combined with the mentorship of our advisors, ensures that we deliver a secure, user-friendly, and innovative solution.",Neutral
"We have assembled a talented team of designers, engineers, and marketers who are passionate about creating engaging and immersive virtual reality experiences. With the guidance of our seasoned advisors, who have a wealth of experience in the entertainment industry, we are developing a groundbreaking VR game that will redefine the gaming landscape and captivate players worldwide.",Neutral
"Our startup is led by a dynamic and diverse team of entrepreneurs who have a track record of building successful businesses. With the mentorship of our accomplished advisors, who have a deep understanding of the retail industry, we are developing an innovative e-commerce platform that will revolutionize the way people shop for sustainable and ethically sourced products. Our team's passion, combined with the expertise of our advisors, positions us for success in the growing market for conscious consumerism.",Neutral
"We are fortunate to have a world-class team of researchers and scientists who are at the forefront of advancements in the field of artificial intelligence. With the guidance of our esteemed advisors, who are leading experts in AI and machine learning, we are developing a cutting-edge algorithm that will revolutionize image recognition technology. Our team's expertise, combined with the knowledge of our advisors, ensures that we deliver a highly accurate and efficient solution with a wide range of applications.",Strong
"Our startup is leveraging the power of artificial intelligence and machine learning to revolutionize customer service. Using advanced natural language processing algorithms, we have developed a chatbot that can understand and respond to customer queries in a human-like manner. With our solution, businesses can enhance customer satisfaction, improve response times, and reduce customer support costs.",Strong
"We are an AI-driven cybersecurity startup that uses machine learning algorithms to detect and prevent cyber threats in real-time. Our platform analyzes network traffic, user behavior, and system logs to identify anomalous patterns and proactively defend against attacks. With our solution, businesses can safeguard their sensitive data and prevent costly security breaches.",Strong
"Our startup is developing an AI-powered recommendation engine that helps businesses personalize their marketing strategies. Using machine learning algorithms, we analyze customer behavior, preferences, and purchase history to deliver targeted recommendations and personalized offers. With our solution, businesses can increase customer engagement, improve conversion rates, and drive revenue growth.",Strong
"We have developed a machine learning platform that helps businesses optimize their supply chain operations. By analyzing historical data, demand patterns, and external factors, our AI algorithms provide accurate demand forecasting and inventory optimization recommendations. With our solution, businesses can reduce costs, minimize stockouts, and improve overall supply chain efficiency.",Strong
"Our startup is focused on applying machine learning to the field of healthcare diagnostics. By training our AI algorithms on vast amounts of medical data, we have developed a system that can accurately detect and diagnose diseases at an early stage. With our solution, healthcare professionals can improve patient outcomes, reduce healthcare costs, and save lives.",Strong
"We are an AI-powered marketing analytics startup that helps businesses optimize their advertising campaigns. By analyzing customer behavior, market trends, and competitor data, our platform provides actionable insights and predictive analytics. With our solution, businesses can allocate their marketing budget effectively, target the right audience, and maximize return on investment.",Strong
"Our startup is developing an AI-driven virtual assistant that simplifies personal productivity. Using natural language processing and machine learning, our assistant can manage tasks, schedule appointments, and provide personalized recommendations. With our solution, individuals can streamline their daily routines, save time, and stay organized.",Strong
"We have developed an AI-powered recommendation system for personalized learning. By analyzing students' learning styles, preferences, and performance, our platform delivers tailored educational content and adaptive learning experiences. With our solution, educators can enhance student engagement, improve learning outcomes, and provide a personalized education for every student.",Strong
Our platform helps users manage their daily tasks and reminders efficiently through a clean interface.,Neutral
We have developed an app that allows users to share their travel experiences with friends and family.,Neutral
Our company provides an online catalog of various household products sourced from multiple vendors.,Neutral
The startup focuses on offering cloud storage services with standard encryption and access control features.,Neutral
We help freelancers track their income and expenses through a simple finance tracking app.,Neutral
Our service assists businesses in managing internal communication through organized chat channels.,Neutral
We offer a tool that aggregates articles and news from trusted sources for easy reading.,Neutral
Our mobile application allows event organizers to create and manage guest lists.,Neutral
"We provide software that helps users scan, store, and organize paper receipts.",Neutral
Our startup connects students with tutors based on subject preference and time availability.,Neutral
We have launched a simple photo editing app with filters and adjustment tools.,Neutral
Our app allows users to track and plan their workout routines at home.,Neutral
We offer a lightweight CRM platform for small businesses to manage client interactions.,Neutral
The company provides an online calendar integration tool for busy professionals.,Neutral
Our web-based service allows for collaborative document editing with version history.,Neutral
"We help book lovers find, review, and recommend novels to each other.",Neutral
Our startup simplifies the management of subscription services through a dashboard.,Neutral
"We’ve built a marketplace for digital planners, templates, and productivity tools.",Neutral
Our platform enables teams to conduct basic online polls and gather feedback quickly.,Neutral
We offer a catalog of customizable resume templates for job seekers.,Neutral
"We are building an AI-powered tool for many use cases. Although the product is still in early stages and the problem it solves is yet to be fully defined, we believe AI can bring value to people in different ways.",Weak
"Our team is trying to create a solution that improves productivity. We haven’t defined our customer segment yet, but we believe once the app is done, people will see the value in it.",Weak
"The business will offer services to customers who are looking for help with something. We are not exactly sure what niche to target yet, but we’re exploring various areas. Funding is still in discussion.",Weak
"We’re developing a mobile app for fitness enthusiasts. Right now, we’re still deciding which features to include, but we want it to be something users enjoy. We plan to add some tracking and community elements.",Weak
"This startup focuses on creating a better solution for online shopping. We haven't finalized our approach, but we’re confident that once we figure it out, it will be beneficial for users.",Weak
"Our idea is to build a social media platform where people can connect and talk about different topics. There are some platforms like this already, but we think ours will be different because we want to add more features in the future.",Weak
"We are making a software that helps small businesses with their operations. It will have tools that they can use. We don’t have all the details yet, but we are working on creating something that works well.",Weak
Our product is a platform that solves some problems in the market. It combines different technologies and gives users a new experience. The system is still under development but we believe it has potential.,Weak
We are working on a website that will allow people to share content. The goal is to build something that people like using. We plan to launch it soon once we figure out how to attract users.,Weak
Our app helps people do things faster and better. It has many features that users will find useful in their daily lives. We are looking to grow and become the next big thing by getting more users and feedback.,Weak
"Our startup provides an online service for general users. We are currently in the planning phase and figuring out what kind of platform will be best for our target audience. We believe that with more research and some feedback, we can come up with a solution that helps people in everyday situations. Right now, our app doesn't have a defined problem or user group, but we are passionate and exploring ideas.",Weak
"We have an idea for an app that brings together different interests in one place. Although we don’t have a working prototype or customer base yet, we are hopeful it could be useful. We're still discussing what problems we want to solve and who exactly our users might be. We believe that over time, this will turn into something great.",Weak
"Our team is working on an all-in-one productivity app. It will have to-do lists, notes, reminders, and calendars, just like many others already in the market. We haven't yet defined how it will be different or why users would prefer ours, but we think it could be useful for students or professionals.",Weak
"We are developing a platform that offers blogs, news, and videos on various topics. There's currently no specific niche or focus area, but the content will be curated over time. We're still in the early planning stages and exploring possible features to include in our MVP.",Weak
"Our project involves creating a simple website that connects people based on shared interests. We are not yet sure how this will be different from existing social platforms. There is currently no clear monetization plan or identified user base, but we are enthusiastic to see how it evolves.",Weak
"We are building a platform for small business owners to manage their online presence. Our tools include basic analytics, website building options, and listing management. While these features are commonly found, we aim to offer all-in-one convenience at an affordable price. We are still collecting feedback to refine our product offering.",Neutral
"Our startup is developing a fitness tracking app focused on general health improvement. It includes step tracking, basic meal logs, and daily activity reminders. The idea is to offer a simple and intuitive health assistant without overwhelming users with too many features. While it's similar to existing apps, we aim to be more beginner-friendly.",Neutral
"We are creating a platform for online learning that focuses on soft skills such as communication and leadership. The platform offers recorded lessons, discussion forums, and assessments. While this isn’t a novel idea, our goal is to reach underrepresented regions with accessible pricing and content in local languages.",Neutral
"Our company offers a marketplace for selling handmade crafts. We help sellers create profiles, upload product photos, and receive payments. It’s quite similar to existing platforms, but we aim to serve local markets that don’t currently have access to such services. Our focus is on empowering home-based creators.",Neutral
"We’re developing a chatbot that helps users learn basic vocabulary in different languages. The chatbot offers daily practice, quizzes, and reminders. It’s designed to complement other learning tools rather than replace them. While the concept is not unique, we aim to make it more accessible and lightweight.",Neutral
"We are developing a budgeting app for young adults. It helps track expenses, categorize spending, and set simple savings goals. While it doesn't introduce advanced financial analytics, its focus is on simplicity and clarity. We’re refining features based on user testing to improve the onboarding process and day-to-day usage.",Neutral
"Our team is working on a curated travel guide app that gives users handpicked destinations and itineraries based on themes. It’s not an AI-based recommendation engine, but more like a digital guidebook. The goal is to make travel planning easier, especially for those who don’t like using complex trip-planning tools.",Neutral
"We’re creating a platform that connects freelance tutors with students. The platform allows scheduling, rating, and basic communication. Although the tutoring market is saturated, we are focusing on regional languages and subjects in local demand to make it more accessible to tier-2 cities.",Neutral
"Our idea is to make an eBook-sharing platform where users can lend and borrow digital books. DRM handling and licensing are still being explored. We're in the prototype stage, trying to ensure basic functionality and legal compliance before scaling features.",Neutral
"We’re working on a habit-tracking app that focuses on mental wellness. The app encourages daily journaling, mood check-ins, and small habit reinforcement. The design is minimal, and the features are purposefully kept simple to avoid overwhelming the user.",Neutral
Our app tries to solve something in business maybe related to sales.,Weak
This solution might help users manage things better sometimes.,Weak
 The product can probably help in some ways we are still exploring.,Weak
 It is a platform that may or may not help students learn more.,Weak
We think this idea could be beneficial under certain scenarios.,Weak
 It works for a few cases but we’re still figuring out more.,Weak
The tool might offer value to some companies depending on how it’s used.,Weak
"Possibly an app to do some automation, still under testing.",Weak
This might change how some users perform a few tasks.,Weak
 A system that tries to offer some efficiency in certain workflows.,Weak
It may be a game changer but we need more data to know for sure.,Weak
We are building something that could be used by people.,Weak
 It's a new tool that tries to do several things at once.,Weak
This solution is kind of useful for general business use.,Weak
"We hope it solves a problem in a unique way, not sure yet.",Weak
 It tries to bridge a gap that we feel exists somewhere in the market.,Weak
" Maybe useful in the education space, still in ideation.",Weak
 Helps improve some part of operations for unknown sectors.,Weak
 The app is intended for general use by various users.,Weak
It provides value through tools that we are currently refining.,Weak
Likely to help startups in undefined ways.,Weak
A web tool for possible optimization of some business functions.,Weak
Meant to address a problem we’re still fully identifying.,Weak
Provides possible solutions to maybe common issues.,Weak
 Still defining the core value but the tech is promising.,Weak
" Could be applied to a variety of things, testing ongoing.",Weak
Our platform is versatile and may help with some challenges.,Weak
 Might assist in increasing productivity to some extent.,Weak
Trying to offer a one-stop solution for business needs.,Weak
" Aimed to simplify tasks, exact features still evolving.",Weak
Our AI-powered platform helps e-commerce sellers reduce cart abandonment by 30% using real-time user behavior analytics.,Strong
" This tool automates invoice reconciliation for finance teams, cutting processing time from 3 days to 3 hours.",Strong
 We provide a no-code platform that enables HR teams to build onboarding workflows 5x faster with zero technical support.,Strong
"Our app uses machine learning to predict customer churn in SaaS businesses with 92% accuracy, enabling timely interventions.",Strong
" A telemedicine platform that connects rural patients with licensed doctors in under 5 minutes, reducing hospital visits by 40%.",Strong
