Investor,DealsCount,TotalInvestment,AvgInvestment,StdDevInvestment,Cluster
1Crowd,1,600000,600000.0,0.0,0
1Crowd (through crowd funding),1,200000,200000.0,0.0,0
1Crowd (through crowdfunding),1,209000,209000.0,0.0,0
"1Crowd, Eureka Forbes Ltd, Shapoorji Pallonji & Co. Ltd.",1,700000,700000.0,0.0,0
3 undisclosed HNIs,1,2000000,2000000.0,0.0,0
500 Startups,1,125000,125000.0,0.0,0
"500 Startups, Smile Multimedia, Kunal Bahl, Rohit Bansal, Girish Matrubootham",1,400000,400000.0,0.0,0
"500 Startups, TV Mohandas Pai, Tandem Capital, Vikram Chachra, Aloke Bajpai",1,770000,770000.0,0.0,0
50K Ventures,1,200000,200000.0,0.0,0
91maker.com,1,300000,300000.0,0.0,0
A M Sikander,1,45000,45000.0,0.0,0
"AB Kinnevik, Falcon Edge Capital, Coatue Management",1,60000000,60000000.0,0.0,0
ABI-Showatech (India) Ltd,1,600000,600000.0,0.0,0
ABM Knowledgeware,1,2200000,2200000.0,0.0,0
ADAG Reliance Private Equity,1,12000000,12000000.0,0.0,0
APIS Partners,1,35000000,35000000.0,0.0,0
ASK Pravi,1,5000000,5000000.0,0.0,0
Aarin Capital,1,220000,220000.0,0.0,0
"Aarin Capital Partners, TV Mohandas Pai",1,500000,500000.0,0.0,0
"Aarin Capital, Michael Herzig, Ashish Lakhanpal",1,750000,750000.0,0.0,0
"Aarin Capital, Unitus Seed Fund",1,3000000,3000000.0,0.0,0
Aarti Group,1,100000,100000.0,0.0,0
Aavishkaar,2,10000000,5000000.0,0.0,0
Aavishkaar Venture Management,1,1000000,1000000.0,0.0,0
"Abhinav Bindra, Gaurav Marya",1,1000000,1000000.0,0.0,0
"Abhishek Agarwal, Krishnakumar Nataraj, Sarath Sura, Shanti Mohan, Sarthak and Nihit Agarwal, Suramya Gupta",1,595000,595000.0,0.0,0
Abhishek Gupta,1,1200000,1200000.0,0.0,0
Abraaj Group,1,150000000,150000000.0,0.0,0
Accel Partners,6,31700000,5283333.333333333,3762534.6067068493,0
Accel Partners India,2,5650000,2825000.0,2227386.3607376246,0
"Accel Partners India, RB Investments",1,3500000,3500000.0,0.0,0
"Accel Partners, Ashish Hemrajani, Parikshit Dar, Rajesh Balpande",1,5800000,5800000.0,0.0,0
"Accel Partners, Deep Kalra, Rajesh Magow, Mohit Gupta, Shamik Sharma",1,2500000,2500000.0,0.0,0
"Accel Partners, Flipkart",1,6000000,6000000.0,0.0,0
"Accel Partners, Helion Venture Partners",2,15500000,7750000.0,3181980.515339464,0
"Accel Partners, IDG Ventures India",1,5000000,5000000.0,0.0,0
"Accel Partners, IDG Ventures, Endiya Partners, pi Ventures, VH Capital, Axilor Partners",1,5800000,5800000.0,0.0,0
"Accel Partners, IDG Ventures, Kalaari Capital",1,15000000,15000000.0,0.0,0
"Accel Partners, International Finance Corporation (IFC), Qualcomm Ventures, Ventureast",1,37500000,37500000.0,0.0,0
"Accel Partners, Jungle Ventures, SeedPlus",1,4200000,4200000.0,0.0,0
"Accel Partners, Kalaari Capital",1,5000000,5000000.0,0.0,0
"Accel Partners, Matrix Partners, Girish Mathrubootham",1,1500000,1500000.0,0.0,0
"Accel Partners, Nandan Nilekani,",1,10000000,10000000.0,0.0,0
"Accel Partners, Nandan Nilekani’s NRJN Trust, Mistletoe, Qualcomm Ventures, M&S Partners",1,5500000,5500000.0,0.0,0
"Accel Partners, Qualcomm Ventures, M&S Partners, Zop Smart",1,3000000,3000000.0,0.0,0
"Accel Partners, RB Investments",1,8000000,8000000.0,0.0,0
"Accel Partners, SAIF Partners",1,2000000,2000000.0,0.0,0
"Accel Partners, Shunwei Capital",1,5000000,5000000.0,0.0,0
"Accel Partners, Subrata Mitra, Larry Braitman, Venk Krishna",1,1150000,1150000.0,0.0,0
"Accel Partners, Tiger Global Management",1,5000000,5000000.0,0.0,0
"Accel Partners, Traxcn Labs & Others",1,1300000,1300000.0,0.0,0
"Accel US, Accel India, SAIF Partners.",1,12000000,12000000.0,0.0,0
"Accion Venture Labs, Rianta Capital",1,500000,500000.0,0.0,0
"Accion, LeapFrog Investments, Lok Capital",1,25000000,25000000.0,0.0,0
Acumen Fund,3,2700000,900000.0,804673.8469715541,0
Adroitent Pvt. Ltd.,1,161000,161000.0,0.0,0
Agarwal Movers Group,1,14900000,14900000.0,0.0,0
Agnus Capital,2,8500000,4250000.0,353553.39059327374,0
"Agnus Capital, Khattar Holdings",1,3600000,3600000.0,0.0,0
"Ah! Ventures, Calcutta Angels,  91SpringBoard",1,400000,400000.0,0.0,0
"Ajai Chowdhry, Ashvin Chadha, Yogesh Bansal,Nitin Singhal & Others",1,200000,200000.0,0.0,0
"Ajay Relan,",1,300000,300000.0,0.0,0
"Ajay Relan, LetsVenture",1,1000000,1000000.0,0.0,0
Ajeet Khurana & Others,1,100000,100000.0,0.0,0
"Ajeet Khurana Jinesh Shah, Vikram Chachra, Dr. Aniruddha Malpani",1,250000,250000.0,0.0,0
"Ajith Nair, Anish K",1,147000,147000.0,0.0,0
Ajmera Group of Companies,1,400000,400000.0,0.0,0
Al Dhaheri family,1,500000,500000.0,0.0,0
"Alex Kuruvilla, Pradeep Guha, Saket Dhankar, Rajan Pandhare",1,250000,250000.0,0.0,0
Alibaba,1,200000000,200000000.0,0.0,0
"Alibaba Group, Ant Financial",1,680000000,680000000.0,0.0,2
Alibaba Pictures,1,35000000,35000000.0,0.0,0
"Alibaba, Foxconn, Softbank",1,500000000,500000000.0,0.0,2
"Allen Blue, John Katzman, Naveen Tewari, Kartik Hosanagar, Kashyap Deorah, 500 Startups, Blue Fog Capital",1,1700000,1700000.0,0.0,0
"Alok Bajpai, Rajnish Kumar, Amit Dey",1,100000,100000.0,0.0,0
"Alok Mittal, Amit Gupta, Anuj Srivastava, Himanshu Aggarwal, Raghunandan G, Puneet Agarwal",1,400000,400000.0,0.0,0
"Alok Rawat, Grey Orange Robotics",1,1000000,1000000.0,0.0,0
Alpha Capital,1,20000000,20000000.0,0.0,0
Alphard Maritime Group,1,2000000,2000000.0,0.0,0
"Amazon, Fidelity Growth Partners, Mousse Partners",1,60000000,60000000.0,0.0,0
"Amazon, Vertex Ventures, Qualcomm, Ru-Net Technology Partners, Matrix Partners",1,22500000,22500000.0,0.0,0
"Ameera Shah, Vivek Bhargava",1,150000,150000.0,0.0,0
"Amit Gupta, Sahil Barua, Mukul Singhal, Tracxn Labs",1,200000,200000.0,0.0,0
"Amit Ranjan, Vijay Shekhar Sharma, Kunal Bahl, Girish Mathrubootham &  Group of other Angel investors",1,500000,500000.0,0.0,0
"Amit Singhal, PK Gulati & others",1,450000,450000.0,0.0,0
"Amit Tyagi, Sandeep Acharya & others",1,165000,165000.0,0.0,0
"Anand Chandrasekaran, Ananth Narayanan, Mekin Maheshwari, Ravi Garikipati, Divyesh Shah, Swastika Company Ltd",1,250000,250000.0,0.0,0
"Anand Sankeshwar, Yang Shu",1,963000,963000.0,0.0,0
"Anand Vijay, Nipun Dureja, Satyajit Heeralal, Keith Rodricks, Gaurav Lochan, Azmul Haque, Nikhil Bagri",1,100000,100000.0,0.0,0
"Anand Vijay, Shashank Mehrotra & Others",1,100000,100000.0,0.0,0
"Aneesh Seth, Tushar Mittal",1,150000,150000.0,0.0,0
AngelPrime,3,4000000,1333333.3333333333,1443375.6729740645,0
Anglian Omega Network,1,350000,350000.0,0.0,0
Anicut Capital,1,4650000,4650000.0,0.0,0
Anil Jain & other HNIs,1,3200000,3200000.0,0.0,0
"Anil Matai, Vikram Tandon, Shyam Sundar R & others",1,1000000,1000000.0,0.0,0
Anil Menon,1,100000,100000.0,0.0,0
"Anirudh Damani, Vikram Lakhotia",1,200000,200000.0,0.0,0
"Ankit Gupta, Puneet Motihar",1,325000,325000.0,0.0,0
Ankur Gupta,1,750000,750000.0,0.0,0
Ankush Mehta,1,145000,145000.0,0.0,0
"Anupam Mittal, Amit Gupta, Utsav Somani, Neeraj Goenka, Farooq Adam Mukadam",1,370000,370000.0,0.0,0
"Anupam Mittal, Manish Vij, Prashant Tandon, Gaurav Agarwal, Akash Agarwal, Himanshu Aggarwal, Kevin Parikh",1,285000,285000.0,0.0,0
"Anupam Mittal, Sharad Sharma & 14 others",1,500000,500000.0,0.0,0
"Aprameya Radhakrishna, Deepak Natraj, Girish Mathrubootham, Mahesh Murthy, Pallav Nadhani, Pavan Ongole, Sandeep Mathur, Vijay Shekhar Sharma & Others",1,400000,400000.0,0.0,0
Aramex Ventures Llc,1,2000000,2000000.0,0.0,0
"Arihant Patni, RAAY Global Investments",1,1530000,1530000.0,0.0,0
"Arihant Patni, Vishal Khare,  Viswanath Ramachandran",1,350000,350000.0,0.0,0
"Arjun Handa, Amit Jindal, Nagendra Chaudhary",1,1000000,1000000.0,0.0,0
"Artha India Ventures, Singularity Holdings, Rajan Anandan, Girish Mathrubootham",1,776000,776000.0,0.0,0
Artiman Ventures,1,4000000,4000000.0,0.0,0
"Arun Chandra Mohan, Praveen Sinha",1,2000000,2000000.0,0.0,0
"Arun Tadanki, Aditya Verma",1,245000,245000.0,0.0,0
"Ascent Capital, Kalaari Capital",1,12000000,12000000.0,0.0,0
Asha Jadeja Motwani & Others,1,300000,300000.0,0.0,0
Ashish Jhalani,1,100000,100000.0,0.0,0
"Ashish Todi, Abhinav Patodia, Kumar Shwetabh",1,350000,350000.0,0.0,0
Ashok Agarwal,1,1500000,1500000.0,0.0,0
Ashok Goel (promoter),1,16500000,16500000.0,0.0,0
"Ashutosh Lawania, Rajul Jain, Badal Malick, Rishi Gupta & Others",1,104000,104000.0,0.0,0
"Ashvin Chadha, Avtar Monga, Udaan Angels, Dheeraj Jain",1,500000,500000.0,0.0,0
Asia Pacific Internet Group,1,4500000,4500000.0,0.0,0
AskMe,1,20000000,20000000.0,0.0,0
"Aspada Advisors, IDG Ventures,  Inventus Capital",1,5000000,5000000.0,0.0,0
"Aspada Investment Advisors, Blume Ventures.",1,650000,650000.0,0.0,0
"Aspada Investment Advisors, Qualcomm Ventures",1,4000000,4000000.0,0.0,0
Aspada Investments,1,2700000,2700000.0,0.0,0
"Asset Management (Asia) Ltd, Digital Garage Inc",1,20000000,20000000.0,0.0,0
Astarc Ventures,1,1000000,1000000.0,0.0,0
"Astarc Ventures, 50K Ventures & others",1,180000,180000.0,0.0,0
"Atul Jalan, Shrikanth & Bharath",1,640000,640000.0,0.0,0
Atul Nishar,1,1200000,1200000.0,0.0,0
"Augment Ventures, Rahul Kayan, Nikhil Golcha, Shubham Gupta, Roy Kwan",1,448000,448000.0,0.0,0
Axiata Digital,1,16000000,16000000.0,0.0,0
Axilor Ventures,1,1000000,1000000.0,0.0,0
"Ayesha Takia Azmi, Abu Farhan Azmi",1,1000000,1000000.0,0.0,0
"B Capital Group, Ignition Partners, Greycroft, e.ventures,  Eight Roads Ventures",1,25000000,25000000.0,0.0,0
BCCL,1,1000000,1000000.0,0.0,0
BEENEXT,1,3000000,3000000.0,0.0,0
"Baillie Gifford, Falcon Edge Capital, Tiger Global, SoftBank Group, DST Global, Didi Kuaidi",1,500000000,500000000.0,0.0,2
"Balasubramanian Krishnamurthy, Sidhartha Hazarika & Others",1,150000,150000.0,0.0,0
"Batlivala & Karani Securities, Venture Works",1,450000,450000.0,0.0,0
"BedRock Ventures, Rajesh Sawhney, Shailesh Singh",1,500000,500000.0,0.0,0
"Beenext, Digital Garage, Beenos, Qualgro, Mamoru Taniya, SAIF Partners",1,10000000,10000000.0,0.0,0
"Bennett, Coleman and Co. Ltd (BCCL)",1,38700000,38700000.0,0.0,0
"Bennett, Coleman and Company Ltd",2,15500000,7750000.0,1484924.2404917497,0
Bertelsmann India,1,8200000,8200000.0,0.0,0
Bertelsmann India Investments,1,15000000,15000000.0,0.0,0
"Bertelsmann India Investments, Mayfield India, Saama Capital, India Quotient",1,32000000,32000000.0,0.0,0
"Bertelsmann India Investments, Nirvana Digital India Fund, Nirvana Digital Investment Holding, 500 Startups",1,6000000,6000000.0,0.0,0
"Bessemer Venture Partner, Accel, SAIF Partners",1,25000000,25000000.0,0.0,0
Bessemer Venture Partners,5,73300000,14660000.0,20555242.6402609,0
"Bessemer Venture Partners, Jungle Ventures, Helion Ventures",1,15000000,15000000.0,0.0,0
"Bessemer Venture Partners, Orios Venture Partners, Trifecta Capital,",1,18000000,18000000.0,0.0,0
"Bessemer Venture Partners, SAIF Partners",1,8000000,8000000.0,0.0,0
"Bessemer Ventures, Blume Ventures",1,1000000,1000000.0,0.0,0
"Bessemer Ventures, Kae Capital",1,630000,630000.0,0.0,0
"Bhanu Vikram Parsotam, Rohan Desai and Paras Patel",1,150000,150000.0,0.0,0
"Bharanidharan Viswanathan, Sanjiv Mittal, Shobhit Shukla, Rahul Agarwal",1,150000,150000.0,0.0,0
Bhavdeep Reddy,1,400000,400000.0,0.0,0
Bhavin Turakhia,1,19000000,19000000.0,0.0,0
"Bhupen Shah, Jayesh Parekh, Sanjay Sathe",1,275000,275000.0,0.0,0
"Binny Bansal, Anupam Mittal, Sachin Bhatia, Darius Pandole, Kunal Khattar, Dheerag Jain",1,1000000,1000000.0,0.0,0
"BitChemy Ventures, Maheshwari Investments Pvt Ltd, Anshoo Gaur, Rama Krishna Reddy, Sandeep Seerapu",1,330000,330000.0,0.0,0
Bitkemy Ventures,1,400000,400000.0,0.0,0
Biz Stone,1,3000000,3000000.0,0.0,0
BlackJag Partners,1,200000,200000.0,0.0,0
BlackSoil Capital Pvt Ltd,1,800000,800000.0,0.0,0
BlackSoil Capital Pvt. Ltd,1,1500000,1500000.0,0.0,0
BlackSoil Capital Pvt. Ltd.,1,2500000,2500000.0,0.0,0
Blacksoil Capital Pvt. Ltd,1,1700000,1700000.0,0.0,0
"Blinc Advisors, Amit Nanavati, Tashwinder Singh, Taranjit Jaswal, Amit Khanna",1,1000000,1000000.0,0.0,0
Blue Orchard,1,8000000,8000000.0,0.0,0
Blume Ventures,3,2600000,866666.6666666666,416333.1998932265,0
Blume Ventures & Other unnamed Investors,1,600000,600000.0,0.0,0
"Blume Ventures, Contrarian Capital, 91springboard, Emergent Ventures, Abstract Ventures, Anthill Ventures, Axilor Ventures",1,2100000,2100000.0,0.0,0
"Blume Ventures, Flipkart",1,1000000,1000000.0,0.0,0
"Blume Ventures, Girish Mathrubootham, Aprameya Radhakrishna",1,440000,440000.0,0.0,0
"Blume Ventures, Indian Angel Network, Kunal Shah, Sandeep Tandon",1,1000000,1000000.0,0.0,0
"Blume Ventures, Mumbai Angels, ah! Ventures, Digital Currency Group, Boost VC, Bank to the Future and Funders Club",1,1500000,1500000.0,0.0,0
"Blume Ventures, Rajan Anandan, Sumit Jain, Aprameya Radhakrishna, Sujeet Kumar, Phanindra Sama",1,500000,500000.0,0.0,0
"Blume Ventures, Sachin Bansal, Vijay Shekhar Sharma, Binny Bansal,  Kunal Shah, Sandeep Tandon, Ashish Tulsian",1,1000000,1000000.0,0.0,0
"Blume Ventures,  Tracxn Labs",1,500000,500000.0,0.0,0
Bodhtree Consulting Limited,1,232000,232000.0,0.0,0
Brand Capital,7,49925000,7132142.857142857,10610752.352033785,3
"Brand Capital, Paragon Trust",1,1000000,1000000.0,0.0,0
"Brand Capital, Siddhivinayak Skyscrapers, Dinesh R. Challa",1,4000000,4000000.0,0.0,0
Bravia Capital,1,16000000,16000000.0,0.0,0
Bren Corporation,1,5000000,5000000.0,0.0,0
Brian Acton,1,3500000,3500000.0,0.0,0
Brick Eagle,1,1600000,1600000.0,0.0,0
"Brigade Innovations LLP, TV Mohandas Pai, Suhail Rahman, Bobby Reddy, M George Oommen",1,540000,540000.0,0.0,0
Broadbean Capital services,1,500000,500000.0,0.0,0
"ByteDance, Arun Sarin, Matrix Partners, Sequoia Capital India, Omidyar Network,  Falcon Edge",1,25000000,25000000.0,0.0,0
"CA Media LP,  Start Media.",1,2800000,2800000.0,0.0,0
CASHurDRIVE Marketing Pvt Ltd,1,2000000,2000000.0,0.0,0
CDC Group Plc,1,19500000,19500000.0,0.0,0
"CIO Angel Network, Indian Angel Network",1,500000,500000.0,0.0,0
CLSA Capital Partners ARIA IV Funds,1,10000000,10000000.0,0.0,0
"Calcutta Angels, Venture Nursery Angels Mumbai Angels",1,500000,500000.0,0.0,0
"CapitalG, Sequoia India",1,15000000,15000000.0,0.0,0
"CareerNet Consulting Pvt. Ltd, Ideation Initiative Pvt. Ltd,",1,670000,670000.0,0.0,0
"Carlyle Group, Tiger Global",1,100000000,100000000.0,0.0,0
Carpediem Capital,2,9500000,4750000.0,1767766.9529663688,0
Carpediem Capital & Others,1,368000,368000.0,0.0,0
Carrick Capital Partners,1,35000000,35000000.0,0.0,0
"Catamaran Ventures, New India Investment Corporation",1,4850000,4850000.0,0.0,0
Cataraman Ventures,1,2000000,2000000.0,0.0,0
CerraCap,1,20000000,20000000.0,0.0,0
"Chan Zuckerberg Initiative, Times Internet Ltd, Sequoia Capital, Sofina, Lightspeed Ventures",1,50000000,50000000.0,0.0,0
"Chandigarh Angels, Ashish Gupta, Rohit, Ashish Chand, Sunil Singh & Others",1,375000,375000.0,0.0,0
Chandralekha Construction Pvt. Ltd.,1,15000000,15000000.0,0.0,0
"Chandrashekar Tallapragada, Pankaj Kapoor",1,180000,180000.0,0.0,0
"Chatsworth Management, ITW Digital",1,500000,500000.0,0.0,0
Chennai Angels,1,250000,250000.0,0.0,0
"Chennai Angels, Calcutta Angels, ah! Ventures, Intellecap Impact Investment Network, Indus Age Partners, Singapore Angel Network, India Internet Fund, LetsVenture",1,700000,700000.0,0.0,0
"Chicago Capital Ventures, Sanjay Mehta, Others",1,2000000,2000000.0,0.0,0
ChrysCapital,1,63000000,63000000.0,0.0,0
Clairvest Group,1,73700000,73700000.0,0.0,0
Cogent E Services,1,330000,330000.0,0.0,0
Collaborative Licensing Ventures LLP,1,303000,303000.0,0.0,0
Commonfloor,1,2500000,2500000.0,0.0,0
"Constellation Technology Ventures (Exelon Corporation), E.ON, RWE, Khosla Ventures",1,16600000,16600000.0,0.0,0
"Creation Investments Capital Management, SAIF Partners, Sequoia Capital, Aspada Ventures",1,25000000,25000000.0,0.0,0
Cross Border Angels,1,800000,800000.0,0.0,0
Cross Border Angels & others,1,250000,250000.0,0.0,0
Ctrip.com International Ltd,1,180000000,180000000.0,0.0,0
CureFit,1,3000000,3000000.0,0.0,0
"Currae Healthtech Fund, Unicorn India Ventures",1,745000,745000.0,0.0,0
"DA-IICT, Techstars, Carnegie Mellon University, Startup Brasil program",1,290000,290000.0,0.0,0
DAH Beteiligungs GmbH,1,11000000,11000000.0,0.0,0
"DG Ventures India, Dewan Housing Finance Corp",1,4000000,4000000.0,0.0,0
"DHI Group Inc, Prime Venture Partners, Beenext, Beenos, Digital Garage, BizReach",1,4500000,4500000.0,0.0,0
DMG Information,1,3000000,3000000.0,0.0,0
DMG information Asia Pacific,1,5000000,5000000.0,0.0,0
DSG Consumer Partners,2,767000,383500.0,221324.42251138936,0
"DSG Consumer Partners, American Express Ventures, Cyber Carrier VC, AdvantEdge Partners",1,4000000,4000000.0,0.0,0
"DSG Consumer Partners, Saama Capital",1,3000000,3000000.0,0.0,0
"DSG Consumer Partners, Saama Capital.",1,6000000,6000000.0,0.0,0
"DSG consumer Partners, Paragon Partners",1,1000000,1000000.0,0.0,0
"DST Global, Steadview Capital, Tiger Global, Accel Partners & Others",1,400000000,400000000.0,0.0,2
DTDC Express Ltd,1,1000000,1000000.0,0.0,0
"Daman Soni, Rajat Gupta & Others",1,100000,100000.0,0.0,0
"DeNA Co., Japan & Teruhide Sato (in Addition to MKS Switzerland & Kris GopalKrishnan)",1,380000,380000.0,0.0,0
"Deep Kalra, Sequoia Capital, Omidyar Network, Intel Capital & Kae Capital",1,6000000,6000000.0,0.0,0
Deepak Gupta,1,200000,200000.0,0.0,0
Deepak Gurnani,1,500000,500000.0,0.0,0
Delhivery,1,5000000,5000000.0,0.0,0
"Delhivery, Sands Capital and Accel Partners",1,7000000,7000000.0,0.0,0
"Delta Partners, Sequoia India,  Mayfield, Blacksoil, Trifecta Capital",1,20000000,20000000.0,0.0,0
Deutsche Telekom Strategic Investments & Others,1,4100000,4100000.0,0.0,0
Devdeep Singh,1,90000,90000.0,0.0,0
"Development finance institution Belgian Investment Company, Oikocredit",1,8600000,8600000.0,0.0,0
"Devidas Desai, Vipul Gautam, Singapore Angel Network",1,100000,100000.0,0.0,0
Dheeraj Jain & Other angel investors,1,400000,400000.0,0.0,0
Dheeraj Jain & Others,1,500000,500000.0,0.0,0
"Dheeraj Jain, Palash Jain, Anupam Mittal, Ameera Shah,  Vivek Bhargava, Rahul Singh, Ambarish Gupta,",1,200000,200000.0,0.0,0
"Dheeraj Pandey, Rajesh Yohannan, Akash Garg",1,1000000,1000000.0,0.0,0
Didi Kuaidi,1,30000000,30000000.0,0.0,0
Digital Financial Service Lab,1,100000,100000.0,0.0,0
"Dileep Bhatt, Milind Chaudhary",1,200000,200000.0,0.0,0
"Dr Mushtaq Shah, Dr Faraz Naqvi",1,2000000,2000000.0,0.0,0
"Dr Ramesh Ayyala, Satya Muthyala",1,250000,250000.0,0.0,0
"Dr. Abhishek Pandey, Jaysukh Sapra",1,3000000,3000000.0,0.0,0
Dr. Aniruddha Malpani,1,150000,150000.0,0.0,0
Dr. Rameshwar Kumar,1,150000,150000.0,0.0,0
"Dr. Sridhar Ramaswamy, Rakesh Mathur",1,250000,250000.0,0.0,0
"Dragoneer Investment, Accel Partners, Qualcomm Ventures, Times Internet",1,10000000,10000000.0,0.0,0
Dunamis Ventures Pte Ltd,1,2250000,2250000.0,0.0,0
Dunamis Ventures Pte Ltd.,1,1000000,1000000.0,0.0,0
EVC Ventures,1,500000,500000.0,0.0,0
Earlsfield Capital,1,1000000,1000000.0,0.0,0
"Earlsfield Capital, Sailender Solanki, Rajiv Solanki",1,315000,315000.0,0.0,0
Edelweiss Private Equity,1,9000000,9000000.0,0.0,0
Eduardo Saverin,1,13000000,13000000.0,0.0,0
Eduardo Saverin & Velos Capital,1,11000000,11000000.0,0.0,0
Eight Road Ventures,1,15000000,15000000.0,0.0,0
Eight Roads Ventures,4,41500000,10375000.0,1493039.4055974097,0
"Elliot Stechman, Gautam Sinha, Ambarish Ray",1,168000,168000.0,0.0,0
Emerald Media,1,50000000,50000000.0,0.0,0
"Emerald Media, Premji Invest",1,35000000,35000000.0,0.0,0
Emerging India,1,50000000,50000000.0,0.0,0
Enablers platform,1,300000,300000.0,0.0,0
Endiya Partners,1,1000000,1000000.0,0.0,0
"Endiya Partners, Ventureast",1,2000000,2000000.0,0.0,0
Epsilon Venture Partners,1,23000000,23000000.0,0.0,0
Equentia Natural Resources,1,160000,160000.0,0.0,0
"Equity Crest, Vinners, Sparknext",1,250000,250000.0,0.0,0
Eros Labs,1,500000,500000.0,0.0,0
"Exfinity Fund, GrowX Ventures.",1,1500000,1500000.0,0.0,0
Exfinity Venture Partners,4,6250000,1562500.0,515388.2032022076,0
"Exfinity Venture Partners, Blume Ventures, BeeNext, Rajesh Ranavat",1,2750000,2750000.0,0.0,0
"Exfinity Venture Partners, Unitus Impact Livelihoods Fund",1,5000000,5000000.0,0.0,0
Exfinity Ventures,1,2000000,2000000.0,0.0,0
Existing Investors,1,500000,500000.0,0.0,0
"FF Angel, Sequoia Capital",1,2000000,2000000.0,0.0,0
"FTV Capital, Zodius Capital",1,56000000,56000000.0,0.0,0
Facebook FB Start programme,1,40000,40000.0,0.0,0
Facebook FBStart,3,120000,40000.0,0.0,0
"Faering Capital, Foundation Capital, Inventus Capital Partners",1,11000000,11000000.0,0.0,0
"Falcon Edge Capital, Matrix Partners India, Sequoia Capital India and Omidyar Network",1,40000000,40000000.0,0.0,0
"Falcon Edge Capital, Meru Capital, Ola, Matrix Partners, DSG Consumer Partners, Axis Bank",1,25000000,25000000.0,0.0,0
"Falcon Edge Capital, NY based Hedge Fund, Tiger Global, Softbank",1,225000000,225000000.0,0.0,0
"Falcon Edge Capital,  Capital Advisers",1,104500000,104500000.0,0.0,0
Farooq Oomerbhoy & Other angel investors,1,300000,300000.0,0.0,0
Fidelity Growth Partners,1,15000000,15000000.0,0.0,0
"Fidelity Growth Partners India, SAIF Partners,  Helion Ventures",1,10000000,10000000.0,0.0,0
"Fidelity Growth Partners, Fidelity Biosciences",1,10000000,10000000.0,0.0,0
Flipkart,1,2000000,2000000.0,0.0,0
Flipkart Logistics Pvt. Ltd,1,1580000,1580000.0,0.0,0
"Flipkart, Accel Partners, Delhivery, Foxconn",1,9000000,9000000.0,0.0,0
"Flipkart, Tiger Global",1,12750000,12750000.0,0.0,0
Florida based Angel investor,1,150000,150000.0,0.0,0
"Florintree, Mathew Cyriac, Chidambaram Palaniappan, Bharat Sheth",1,3350000,3350000.0,0.0,0
Ford Smart Mobility Llc,1,24000000,24000000.0,0.0,0
Fork Media,1,3000000,3000000.0,0.0,0
Forum Synergies PE Fund,1,5000000,5000000.0,0.0,0
Fosun International,1,30000000,30000000.0,0.0,0
Franchise India,1,3000000,3000000.0,0.0,0
Franklin Templeton International Services Pvt. Ltd,1,15000000,15000000.0,0.0,0
Frontline Strategy,1,5600000,5600000.0,0.0,0
Funding through 1Crowd platform,1,150000,150000.0,0.0,0
"Future Fund,Bessemer Venture, Capricorn Investment and IFC",1,40000000,40000000.0,0.0,0
GBIM Technologies Pvt Ltd,1,45000,45000.0,0.0,0
"GEMS Advisory, Quarizon",1,123000,123000.0,0.0,0
GEMS group,1,250000,250000.0,0.0,0
GHV Accelerator,3,300000,100000.0,0.0,0
GIC ventures,1,28000000,28000000.0,0.0,0
"GIC, Tiger Global Management, Nexus Venture Partners",1,100000000,100000000.0,0.0,0
"GMO Japan, Neelesh Bhatnagar",1,4000000,4000000.0,0.0,0
"GMO Payment Gateway, MediaTek",1,50000000,50000000.0,0.0,0
"GREE Ventures, Kalaari Capital and IDG Ventures India, Summit Media, Atul Goel, and Gurpreet Singh",1,3100000,3100000.0,0.0,0
GREX,1,230000,230000.0,0.0,0
GROUPE SOS,1,150000,150000.0,0.0,0
GVFL,1,6000000,6000000.0,0.0,0
GVFL Ltd,1,3000000,3000000.0,0.0,0
Gaja Capital Private Equity Fund,1,10000000,10000000.0,0.0,0
"Ganesh Narasimhan, Ramana Thumu, Sudhir Mallem",1,100000,100000.0,0.0,0
"Gaurav Kachru, Sundeep Singh Sahni, Jatin Aneja, Arun Malhotra",1,620000,620000.0,0.0,0
"Gaurav Singhvi, Zaffiro Ventures",1,250000,250000.0,0.0,0
General Catalyst Partners,1,2500000,2500000.0,0.0,0
"General Catalyst, Founder Collective",1,4600000,4600000.0,0.0,0
"Girish Mathrubootham, Phanindra Sama, Vikram Chachra, Others from LetsVenture",1,250000,250000.0,0.0,0
GirnarSoft,1,1000000,1000000.0,0.0,0
"Gokul Jaykrishna, Brand Capital",1,1000000,1000000.0,0.0,0
Goldman Sachs,2,35000000,17500000.0,10606601.717798213,0
"Goldman Sachs Group, Zodius Technology Fund, Norwest Venture Partners, Bertelsmann India",1,31300000,31300000.0,0.0,0
"Goldman Sachs, Rocket Internet",1,100000000,100000000.0,0.0,0
"Goldman Sachs, Zodius Capital",1,56000000,56000000.0,0.0,0
"Goldman Sachs, Zodius Technology Fund, Bertelsmann India Investments Norwest Venture Partners.",1,100000000,100000000.0,0.0,0
Google Capital,1,5000000,5000000.0,0.0,0
Gopal Aggarwal,1,100000,100000.0,0.0,0
Gordon and Betty Moore Foundation,1,600000,600000.0,0.0,0
Gray Matters Capital,2,7500000,3750000.0,3181980.515339464,0
Green House Ventures,2,200000,100000.0,0.0,0
Green House Ventures (GHV),4,400000,100000.0,0.0,0
Green House Ventures Accelerator,1,250000,250000.0,0.0,0
"Greenoaks capital, Sequoia Capital, LightSpeed Ventures",1,25000000,25000000.0,0.0,0
Grex.in,2,400000,200000.0,0.0,0
"Greycroft Partners, Fidelity Growth Partners",1,6000000,6000000.0,0.0,0
Group of 15 Angel Investors,1,350000,350000.0,0.0,0
Group of Angel Investors,14,1659600,118542.85714285714,96441.14757226266,3
Group of Angel Investors from US/India,1,120000,120000.0,0.0,0
Group of Angel investors,2,300000,150000.0,0.0,0
Group of HNI investors,1,1000000,1000000.0,0.0,0
Group of undisclosed Angel Investors & HNIs,1,375000,375000.0,0.0,0
GrowX Ventures,1,500000,500000.0,0.0,0
"GrowX Ventures, Kunal Shah, Sandeep Tandon, Haresh Chawla, Powai Lake Ventures, Globevestor",1,1000000,1000000.0,0.0,0
"GrowX ventures, Tracxn Labs, Powai Lake Ventures, and Sahil Barua",1,1000000,1000000.0,0.0,0
"GrowthStory, Apurva Salapuria, Hitesh Oberoi, Sidharth Pansari, Nirupa Shankar",1,550000,550000.0,0.0,0
"Gujarat Venture Finance Limited (GVFL), Bennett Coleman & Co. Ltd",1,7000000,7000000.0,0.0,0
"Gujarat based angel investors, MMY co-Founder",1,245000,245000.0,0.0,0
HAX Accelerator,1,100000,100000.0,0.0,0
"HBM Healthcare Investments, Maverick Capital Ventures, Sequoia India, Omidyar Network and Kae Capital",1,15000000,15000000.0,0.0,0
"HDFC, Faering Capital, Elevate Sports",1,2200000,2200000.0,0.0,0
HR Technology fund,1,7500000,7500000.0,0.0,0
HT Media Ltd,1,4400000,4400000.0,0.0,0
Hampton Capital,1,3000000,3000000.0,0.0,0
"Hari Krishna, Ajay Modani, Dr V Ravinder, Anirudh Rastogi, Abhishek Jain, Rakesh Gakhar, Rajeev Mudumba, Nagendra Prasad Bhanuprakash",1,223608,223608.0,0.0,0
"Harmony Partners, RB Investments & existing investors",1,35000000,35000000.0,0.0,0
"Harsh Mahajan, Farhan Naqvi, Sreepathy Viswanathan",1,1000000,1000000.0,0.0,0
"Harsh Mariwala, Atul Nishar, Dalip Pathak, Michael Carlos",1,9500000,9500000.0,0.0,0
Harsh Vardhan Hada,1,50000,50000.0,0.0,0
"Helion Venture Partner, Powerhouse Ventures, GSF and Other angel investors",1,900000,900000.0,0.0,0
Helion Venture Partners,1,5000000,5000000.0,0.0,0
"Helion Venture Partners, BeeNext",1,1050000,1050000.0,0.0,0
"Helion Venture Partners, Exfinity Ventures",1,4250000,4250000.0,0.0,0
"Helion Venture Partners, Kae Capital",1,5500000,5500000.0,0.0,0
"Helion Venture Partners, Kalaari Capital",1,3000000,3000000.0,0.0,0
"Helion Venture Partners, Orios Venture Partners",1,2000000,2000000.0,0.0,0
"Helion Venture Partners,Amarpreet Sawhney, Deshpande Foundation, Fred Khosravi, Richard S. Braddock",1,30000000,30000000.0,0.0,0
"Helion Ventures, Jungle Ventures & Bessemer Venture Partners",1,8000000,8000000.0,0.0,0
Hemant Sahni,1,300000,300000.0,0.0,0
Hero MotoCorp,1,27000000,27000000.0,0.0,0
High Networth Individuals (No details),1,600000,600000.0,0.0,0
High Networth Individuals (undisclosed),1,150000,150000.0,0.0,0
High Networth Individuals from India & USA,1,3000000,3000000.0,0.0,0
"Hillhouse Capital, Tybourne Capital",1,50000000,50000000.0,0.0,0
"Holostik Group, YouWeCan Ventures, 500 Startups, Vijay Shekhar Sharma, Manish Kheterpal, Amit Patni",1,1000000,1000000.0,0.0,0
"Horizons Ventures, Capricorn Investment Group, Social+Capital, Helion Advisors, Berggruen Holdings",1,25000000,25000000.0,0.0,0
Hyderabad Angels,2,1800000,900000.0,848528.137423857,0
Hyderabad Angels (at Startup Heroes event),5,80000,16000.0,0.0,0
"Hyderabad Angels, M&S Partners",1,460000,460000.0,0.0,0
"Hyderabad Angels, Singapore Angel Network, Ness Wadia",1,490000,490000.0,0.0,0
Hyderabad based investor,1,165000,165000.0,0.0,0
I-cube-N,1,166000,166000.0,0.0,0
ID Enablers Pvt Ltd,1,250000,250000.0,0.0,0
IDFC Parampara Early Stage Opportunities Fund,1,1000000,1000000.0,0.0,0
"IDFC SPICE Fund, Micromax Informatics",1,15000000,15000000.0,0.0,0
IDG Ventures,3,7750000,2583333.3333333335,1664582.0296198484,0
"IDG Ventures India Advisors, Jungle Ventures",1,4000000,4000000.0,0.0,0
"IDG Ventures India, Elevar Equity, Accion Venture Lab",1,2500000,2500000.0,0.0,0
"IDG Ventures India, Inventus Capital, Blume Ventures",1,6000000,6000000.0,0.0,0
"IDG Ventures India, Jungle Ventures, India Quotient.",1,1200000,1200000.0,0.0,0
"IDG Ventures India, Kalaari Capital, 500 Startups",1,2000000,2000000.0,0.0,0
"IDG Ventures India, Michael & Susan Dell Foundation, Draper Associates, Unitus Seed Fund",1,3650000,3650000.0,0.0,0
"IDG Ventures India, Omidyar Network, Sherpalo Ventures,  Mohandas Pai",1,2000000,2000000.0,0.0,0
"IDG Ventures India,  Accel Partners India",1,2000000,2000000.0,0.0,0
"IDG Ventures, Accel Partners",1,3000000,3000000.0,0.0,0
"IDG Ventures, Axilor Ventures",1,600000,600000.0,0.0,0
"IDG Ventures, Blume Ventures, Saha Fund,",1,1350000,1350000.0,0.0,0
"IDG Ventures, Endiya Partners",1,1350000,1350000.0,0.0,0
"IDG Ventures, Indian Angel Network (IAN), YourNest Angel Fund",1,2000000,2000000.0,0.0,0
"IDG Ventures, M & S partners, Powerhouse Ventures (USA).",1,1000000,1000000.0,0.0,0
"IDG Ventures, Naveen Tewari",1,1300000,1300000.0,0.0,0
"IDG Ventures, Outbox Ventures",1,2000000,2000000.0,0.0,0
"IDG Ventures, Sequoia Capital",1,15000000,15000000.0,0.0,0
"IDG Ventures, Sequoia Capital, GREE Ventures",1,5300000,5300000.0,0.0,0
"IDG ventures, Axilor Ventures, Emergent Ventures, Indian Angel Network",1,1100000,1100000.0,0.0,0
IFC Everstone Group,1,27000000,27000000.0,0.0,0
"IFC, Axon Partners, Intel Capital",1,13500000,13500000.0,0.0,0
IFMR Capital Finance,1,2500000,2500000.0,0.0,0
"IIFL Seed Ventures Fund, Mayfield Ventures",1,7500000,7500000.0,0.0,0
"IIFL Seed Ventures, Kae Capital, FJ Labs, Singularity Ventures, GrowX, Tracxn Labs, Axis Capital",1,2400000,2400000.0,0.0,0
"IIFL Wealth Management Seed Venture Fund, Omidyar Network, Khosla Impact, Aspada",1,16000000,16000000.0,0.0,0
"IIFL and Accel Partners, Kalaari Capital, IvyCap Ventures, RB Investments",1,30000000,30000000.0,0.0,0
IdeaSpring Capital,1,500000,500000.0,0.0,0
Ideaspring Capital,3,1700000,566666.6666666666,57735.02691896258,0
Idein Ventures,3,520000,173333.33333333334,23094.010767585034,0
"Ignition Partners, Greycroft Partners, Fidelity Growth Partners India",1,15000000,15000000.0,0.0,0
Impanix Capital,1,5000000,5000000.0,0.0,0
"India Nivesh Growth Fund, Sixth Sense, TCI Ventures",1,13000000,13000000.0,0.0,0
India Quotient,4,3175000,793750.0,807871.4316028262,0
India Quotient and others,1,441000,441000.0,0.0,0
"India Quotient, FAO Ventures, Indian Angel Network, Tushar Singh, Ranjan Sharma",1,2000000,2000000.0,0.0,0
"India Quotient, Kae Capital",1,518000,518000.0,0.0,0
"India Quotient, LetsVenture investors, Lead Angels",1,400000,400000.0,0.0,0
"India Quotient, Shunwei Capital",1,1000000,1000000.0,0.0,0
India Value Fund Advisors,1,30000000,30000000.0,0.0,0
IndiaNivesh Venture Capital Fund,1,2000000,2000000.0,0.0,0
Indian Angel Network,12,6910000,575833.3333333334,397796.16373060696,3
"Indian Angel Network (IAN), BEENEXT, The Chennai Angels, Sunil Munjal",1,1100000,1100000.0,0.0,0
"Indian Angel Network,",1,300000,300000.0,0.0,0
"Indian Angel Network, Anand Mahindra",1,200000,200000.0,0.0,0
"Indian Angel Network, Let’s Venture",1,500000,500000.0,0.0,0
"Indian Angel Network, Stanford Angels, Entrepreneurs India",2,1000000,500000.0,0.0,0
"Indian Angel Network, Tracxn Labs & Others",1,600000,600000.0,0.0,0
Indian Angel network,1,450000,450000.0,0.0,0
IndianIdeas.com,1,19350000,19350000.0,0.0,0
Indochine International,1,500000,500000.0,0.0,0
Infibeam,1,22400000,22400000.0,0.0,0
"Infibeam, CCavenue",1,466000,466000.0,0.0,0
"Infina Finance Pvt. Ltd, Uday Kotak",1,1350000,1350000.0,0.0,0
Info Edge,1,1000000,1000000.0,0.0,0
Info Edge (India),2,25147000,12573500.0,17573724.832829267,0
Info Edge (India) Ltd,8,10240000,1280000.0,880373.2974466813,3
InfoEdge,1,4000000,4000000.0,0.0,0
Infosys,1,3000000,3000000.0,0.0,0
Infuse Ventures,2,1450000,725000.0,247487.37341529163,0
"Infuse Ventures, JLL",1,2600000,2600000.0,0.0,0
"Infuse Ventures, The Chennai Angels",1,2000000,2000000.0,0.0,0
Ingram Content Group,1,30000,30000.0,0.0,0
InnoVen Capital,3,12700000,4233333.333333333,3043572.4623102588,0
InnoVen Capital India,1,6000000,6000000.0,0.0,0
Innovations East,1,3000000,3000000.0,0.0,0
Innoven Capital,1,4000000,4000000.0,0.0,0
"Insitor Impact Asia Fund, Acumen Fund",1,2500000,2500000.0,0.0,0
Instalabs,1,500000,500000.0,0.0,0
"Institutional Venture Partners, Norwest Venture Partners, Lightspeed Venture Partners, CRV",1,30000000,30000000.0,0.0,0
"Intellecap Impact Investment Network, family office fund",1,160000,160000.0,0.0,0
"InterGlobe Technology Quotient, Lantern Capital",1,1000000,1000000.0,0.0,0
"International Finance Corp, TPG Growth, Adveq Management, IDG Ventures, Ratan Tata, Kris Gopalakrishnan",1,60000000,60000000.0,0.0,0
International Finance Corporation,1,10000000,10000000.0,0.0,0
"International Finance Corporation, Rocketship, Accel Partners, Jungle Ventures, Shailesh Rao, Venture Highway",1,12000000,12000000.0,0.0,0
International Financial Corporation,1,15000000,15000000.0,0.0,0
"Inventus Capital Partners, IDG Ventures",1,1500000,1500000.0,0.0,0
"Iron Pillar and IIFL, Blume Ventures, Omidyar Network",1,10000000,10000000.0,0.0,0
Ivy League Alumni Angel Network,1,2000000,2000000.0,0.0,0
IvyCap Ventures,3,9150000,3050000.0,2560761.6054603755,0
"IvyCap Ventures, Accel Partners, Dragoneer Investment Group",1,16200000,16200000.0,0.0,0
"IvyCap Ventures, Orios Venture Partners, Mayfield India",1,4500000,4500000.0,0.0,0
"Ivycap Ventures Advisors, Singularity Ventures and Ravi Dhariwal",1,4000000,4000000.0,0.0,0
"JAFCO Asia, Keystone Group, Dragoneer Investment, Accel Partners",1,6000000,6000000.0,0.0,0
"JLL, 1Crowd",1,500000,500000.0,0.0,0
"JS Capital, Helion Venture Partners, Capricorn Investment Group",1,13000000,13000000.0,0.0,0
"JSW Ventures, Blume Ventures & IvyCap Ventures",1,6000000,6000000.0,0.0,0
"JSW Ventures, Omidyar Network, Sattva Capital, Venture Works",1,3000000,3000000.0,0.0,0
"Jai Choi, Kiyohiro Sugashita, Hirokazu",1,500000,500000.0,0.0,0
Janak Jain,1,300000,300000.0,0.0,0
Jasper Infotech Pvt Ltd,1,57000000,57000000.0,0.0,0
Jay Vijayan,1,500000,500000.0,0.0,0
Jayabalan Subramanian,1,125000,125000.0,0.0,0
Jayant Bokadia,1,320000,320000.0,0.0,0
Jitendra Gupta & others,1,100000,100000.0,0.0,0
"Jitendra Gupta, Pankaj Tripathi",1,50000,50000.0,0.0,0
Jitu Virwani,1,7500000,7500000.0,0.0,0
"Jozef Bardik, Leo Wang Sangeeth Ram",1,150000,150000.0,0.0,0
Jungle Ventures,4,9600000,2400000.0,2028135.4326901676,0
"Jungle Ventures, Redbright Partners, Blume Ventures",1,1000000,1000000.0,0.0,0
"Jungle Ventures, Taurus Value Creation, Konly Venture, Blume Ventures",1,7200000,7200000.0,0.0,0
"Justin Kan, Qasar Younis, Paul Bucche, Susa Ventures, Kima Ventures, Axan Venture, SCM Holdings",1,3000000,3000000.0,0.0,0
K2 Capital,1,825000,825000.0,0.0,0
KARSEMVEN Fund,1,825000,825000.0,0.0,0
KCL,1,140000,140000.0,0.0,0
KJS Group,1,5000000,5000000.0,0.0,0
KStart Capital,1,650000,650000.0,0.0,0
"KTB Network, SAIF Partners, BEENEXT, Digital Garage",1,7400000,7400000.0,0.0,0
"KWAN Entertainment & Marketing Solutions, Powerhouse Ventures & Others",1,350000,350000.0,0.0,0
Kae Capital,2,1800000,900000.0,565685.4249492381,0
"Kae Capital, Anoop Goyal, Mike Shah, VA Sastry",1,625000,625000.0,0.0,0
"Kae Capital, Anupam Mittal",1,500000,500000.0,0.0,0
"Kae Capital, GSF, Teruhide Sato",1,500000,500000.0,0.0,0
"Kae Capital, India Quotient, IFMR, and MAS Financial Services Ltd",1,4000000,4000000.0,0.0,0
"Kae Capital, Khosla Impact",1,650000,650000.0,0.0,0
"Kae Capital, Kunal Shah, Sandeep Tandon",1,500000,500000.0,0.0,0
"Kae Capital, M&S Partners,",1,700000,700000.0,0.0,0
"Kaizen Management Advisors, DeVry Inc",1,10000000,10000000.0,0.0,0
Kalaari Capital,13,24600000,1892307.6923076923,1977566.492123395,3
Kalaari Capital Accelerator Program,3,1500000,500000.0,0.0,0
"Kalaari Capital Partners, Qualcomm, 3ONE4 Capital Advisors, UC-RNT",1,3000000,3000000.0,0.0,0
"Kalaari Capital, IDG Ventures India",1,3000000,3000000.0,0.0,0
"Kalaari Capital, India Quotient",2,5050000,2525000.0,813172.7983645296,0
"Kalaari Capital, Inventus Capital, Tekton Ventures, Kae Capital",1,5150000,5150000.0,0.0,0
"Kalaari Capital, Nexus India Capital Advisors",1,8500000,8500000.0,0.0,0
"Kalaari Capital, Norwest Venture Partners",2,9000000,4500000.0,3535533.9059327375,0
"Kalaari Capital, Qualcomm Ventures, ru-Net, Zodius Technology Opportunities Fund,",1,2000000,2000000.0,0.0,0
"Kalaari Capital, Rakesh and Rajesh Jhunjhunwala",1,3670000,3670000.0,0.0,0
"Kalaari Capital, SAIF Partners, Beenextan investment fund",1,9200000,9200000.0,0.0,0
"Kalaari Capital, SAIF Partners, Steadview Capital, Sequoia Capital",1,15200000,15200000.0,0.0,0
"Kalaari Capital, Sequoia Capital",1,2500000,2500000.0,0.0,0
"Kalaari Capital, Udayan Goyal",1,3000000,3000000.0,0.0,0
"Kalaari Capital, YourNest Angel Fund",1,3000000,3000000.0,0.0,0
Kanpur Angels & Others,1,200000,200000.0,0.0,0
"Kanwaljit Singh, Shripad Nadkarni, Sarvesh Shahra & Others",1,2000000,2000000.0,0.0,0
"Kanwaljit Singh, TV Mohandas Pai",1,1000000,1000000.0,0.0,0
Kapil Goel,1,145000,145000.0,0.0,0
Karanpal Singh,1,2000000,2000000.0,0.0,0
Karanpal Singh & Others,1,1000000,1000000.0,0.0,0
Karnataka Semiconductor Venture Capital firm,1,500000,500000.0,0.0,0
Katabole Technology Venture,1,100000,100000.0,0.0,0
"Kaushal Agarwal, Harminder Sahani, KK Mehra, Pranay Jivrajka, Navjot Saini",1,300000,300000.0,0.0,0
"Kedar Lele, GHV Accelerator",1,200000,200000.0,0.0,0
Keiretsu Forum,1,450000,450000.0,0.0,0
"Kemark Ventures, Amit Ranjan, Zishaan Hayath and Others",1,300000,300000.0,0.0,0
"Keyur Joshi, Pavan Bakeri",1,500000,500000.0,0.0,0
Khazanah Nasional Berhad,1,100000000,100000000.0,0.0,0
"Khazanah Nasional Berhad, Helion Venture Partners",1,75000000,75000000.0,0.0,0
"Khosla Impact, Biz Stone, Catamaran Ventures, Global Founders Capital, European investment fund",1,2500000,2500000.0,0.0,0
Kickstarter,1,30768,30768.0,0.0,0
"Kiran Mazumdar-Shaw, Unitus Seed Fund",1,1200000,1200000.0,0.0,0
"Kirthiga Reddy, Renuka Ramanath,Cherry Tin",1,297000,297000.0,0.0,0
"Kleiner Perkins, Goldman Sachs, Pine Brook",1,15000000,15000000.0,0.0,0
"Koen Bouwers, Lomesh Agarwal, Jeroen Mensen, Pablo van den Bosch & Others",1,500000,500000.0,0.0,0
Kris Gopalakrishnan & Others,1,1200000,1200000.0,0.0,0
"Kris Gopalakrishnan, Dr. Ranjan Pai",1,1000000,1000000.0,0.0,0
"Krishna Jhujhunwala, Dr. Apoorv Ranjan Sharma, Anirudh Damani, Anand Ladsariya, Sanjay Mehta & Others",1,250000,250000.0,0.0,0
Krishna Rokhale,1,100000,100000.0,0.0,0
"Kunal Bahl, Rohit Bansal",1,168000,168000.0,0.0,0
"Kunal Bahl, Rohit Bansal, Blume Ventures, Phanindra Sama, Raju Reddy",1,5000000,5000000.0,0.0,0
"Kunal Bahl, Rohit Bansal, Zishaan Hayath, Prashant Malik",1,310000,310000.0,0.0,0
"Kunal Bajaj, Chandru Badrinarayanan",1,650000,650000.0,0.0,0
"Kunal Shah, LetsVenture, Anupam Mittal, Hetal Sonpal",1,500000,500000.0,0.0,0
"LGT Group, Asian Healthcare fund, Seedfund",1,8200000,8200000.0,0.0,0
Lakshmi Vilas Bank & undisclosed HNIs,1,1400000,1400000.0,0.0,0
Lalit Vase,1,100000,100000.0,0.0,0
"Lalitesh Katragadda,  Ganayantrika Systems",1,750000,750000.0,0.0,0
"Lashit Sanghvi, Nikhil Vora, Venkat Vardhan,Mohammed Bin Abdul Rehman Al Khalifa,  Ralph Berezan, Vissal Mathew,  Balamurali Krishna",1,1500000,1500000.0,0.0,0
"Lead Angels Network, Anbu Pandian, Prabhakar MR & Others",1,150000,150000.0,0.0,0
"Lemelson Foundation, Michael and Susan Dell Foundation",1,3500000,3500000.0,0.0,0
"Lensbridge Capital, Mape Advisory Group, Fireside Ventures",1,600000,600000.0,0.0,0
LetsVenture,3,780000,260000.0,211660.10488516724,0
"LetsVenture, Kumar Bansal, Kshitij Jain",1,685000,685000.0,0.0,0
"LetsVenture, Mohandas Pai",1,150000,150000.0,0.0,0
LightBox Ventures,1,6000000,6000000.0,0.0,0
Lightbox Ventures,2,25000000,12500000.0,10606601.717798213,0
Lightbox Ventures and others,1,5000000,5000000.0,0.0,0
"Lightbox Ventures, Axis Capital & Others",1,30000000,30000000.0,0.0,0
"Lightbox Ventures, Beenos",1,16000000,16000000.0,0.0,0
Lightspeed India,2,4000000,2000000.0,1414213.562373095,0
"Lightspeed India Partners, Blume Ventures, CyberAgent Ventures, GrowX Ventures, IMJ Investment Partners",1,4600000,4600000.0,0.0,0
"Lightspeed India Partners, Endiya Partners, 3one4 Capital Advisors LLP, Startupxseed Ventures LLP",1,4000000,4000000.0,0.0,0
"Lightspeed India Partners, SAIF Partners, India Quotient, Venture Highway",1,4000000,4000000.0,0.0,0
"Lightspeed India Partners, Waterbridge Ventures",1,7000000,7000000.0,0.0,0
Lightspeed Venture Partners,1,2500000,2500000.0,0.0,0
"Lightspeed Venture Partners India, Lightspeed US",1,10000000,10000000.0,0.0,0
"Lightspeed Venture Partners, Vy Capital,",1,6600000,6600000.0,0.0,0
"Ligthbox Ventures II, Lightbox Expansion Fund, Sequoia Capital India, RuNet South Asia, RB Investments",1,6300000,6300000.0,0.0,0
Lion Ventures,1,200000,200000.0,0.0,0
LionRock Capital,1,600000,600000.0,0.0,0
"Lohia Group, Andre Hoffman",1,10000000,10000000.0,0.0,0
Lothal Angel Ventures,1,298000,298000.0,0.0,0
"Lumis Partners, The HR Fund, Rajul Garg, Quintillion Media",1,1800000,1800000.0,0.0,0
L’Occitane,2,11300000,5650000.0,494974.74683058326,0
M&S Partners,1,1200000,1200000.0,0.0,0
M&S Partners Pte. Ltd,1,250000,250000.0,0.0,0
"Madhukar Gangadi, Satish Reddy, Srini Raju, Srini Koppolu & SIDBI",1,2500000,2500000.0,0.0,0
"Mahalingam K, Girish Mathrubootham",1,300000,300000.0,0.0,0
Mahavir Pratap Sharma,1,150000,150000.0,0.0,0
"Mahendra Patel, Nilender Chauhan",1,40000,40000.0,0.0,0
"Mahesh Pratapneni, Pallab Chatterjee & others",1,500000,500000.0,0.0,0
Mahindra Holidays & Resorts India Ltd,1,450000,450000.0,0.0,0
"Mahindra Partners, Eight Roads Ventures, F-Prime Capital Partners",1,21000000,21000000.0,0.0,0
Mahindra and Mahindra Financial Services,1,2300000,2300000.0,0.0,0
MakeMyTrip,2,20000000,10000000.0,7071067.811865475,0
"Malini Patel, Stelcore Management Services, Anjani Prasad",1,155000,155000.0,0.0,0
Man Capital,1,2000000,2000000.0,0.0,0
"Mangroves Capital Partners, Vikas Saxena",1,3000000,3000000.0,0.0,0
"Manipal Education and Medical Group (MEMG), SAR Group, The Grover Trust",1,4500000,4500000.0,0.0,0
Manipal Global Education Services,1,3000000,3000000.0,0.0,0
Manipal Group,1,200000,200000.0,0.0,0
"Manish Kheterpal, Alok Mittal,  Puneet Dalmia,",1,1450000,1450000.0,0.0,0
"Manish Kheterpal, Vinay Mittal, Dinesh Mittal, Sandeep Gupta",1,250000,250000.0,0.0,0
"Manish Maheshwari, Contrarian Vriddhi Fund",1,2000000,2000000.0,0.0,0
"Manish Singhal, P39 Capital & Others",1,300000,300000.0,0.0,0
Mape Advisory,1,1000000,1000000.0,0.0,0
"Mathew Cyriac, Florintree Advisors,",1,3800000,3800000.0,0.0,0
Matrix Partners,2,4600000,2300000.0,2404163.0560342614,0
Matrix Partners India,1,5000000,5000000.0,0.0,0
"Matrix Partners India, SAIF Partners",1,6000000,6000000.0,0.0,0
"Matrix Partners, Nexus Ventures",1,13500000,13500000.0,0.0,0
"Matrix Partners, Sequoia Capital, Nexus Venture Partners",1,16000000,16000000.0,0.0,0
"Maverick Capital Ventures, Sequoia Capital, Omidyar Network",1,15000000,15000000.0,0.0,0
"Maverick Capital, IDG Ventures India",1,15000000,15000000.0,0.0,0
"Max Levchin, Scott Banister",1,1300000,1300000.0,0.0,0
"Mayank Shah, Shreyans Shah",1,1000000,1000000.0,0.0,0
Mayfield India II Management Ltd,1,3000000,3000000.0,0.0,0
"Mayfield India, 3one4 Capital, Sistema Asia Fund, Neoplux Technology Fund",1,10000000,10000000.0,0.0,0
"Mayfield India, Kalaari Capital, Helion Ventures",1,14750000,14750000.0,0.0,0
"Mayfield India, Trifecta Capital",1,5000000,5000000.0,0.0,0
Mayfield Ventures,2,6500000,3250000.0,353553.39059327374,0
"Mayfield Ventures, Kalaari Capital",1,3000000,3000000.0,0.0,0
"Mayfield Ventures, Kalaari Capital, Helion Ventures",1,15000000,15000000.0,0.0,0
"Mayfield, Nishant Rao, Dileep Nath",1,4500000,4500000.0,0.0,0
Medi Assist,1,1000000,1000000.0,0.0,0
MediaTek Inc.,1,60000000,60000000.0,0.0,0
"Mekin Maheshwari, Bharat Vijay, Krish Seshadri, Amar Arsikere",1,500000,500000.0,0.0,0
Menterra Social Impact Fund,1,440000,440000.0,0.0,0
"Menterra Social Impact Fund, Unitus Seed Fund",1,800000,800000.0,0.0,0
"Mercury Fund, Anshu Sharma, Pratyush Prasanna, Robert Winters & others",1,500000,500000.0,0.0,0
Michael & Susan Dell Foundation,2,8250000,4125000.0,1237436.8670764582,0
"Michael & Susan Dell Foundation, Pearson Learning Fund",1,1500000,1500000.0,0.0,0
"Michael & Susan Dell Foundation, Unitus Seed Fund",1,1500000,1500000.0,0.0,0
Michael and Susan Dell Foundation,1,900000,900000.0,0.0,0
"Microsoft Ventures, Salesforce Ventures",1,23000000,23000000.0,0.0,0
"Microsoft, eBay, Tencent Holdings",1,1400000000,1400000000.0,0.0,2
Mirah Hospitality,1,470000,470000.0,0.0,0
"Mistletoe, M&S Partners",1,2500000,2500000.0,0.0,0
Mitesh Majithia,1,2500000,2500000.0,0.0,0
Mitsui & Co & existing investors,1,21500000,21500000.0,0.0,0
Mitsui & Co.,1,3000000,3000000.0,0.0,0
"Mitsui & Co., New Enterprise Associates, Canaan Partners, Silicon Valley Bank",1,52000000,52000000.0,0.0,0
MoMagic Technologies,2,1475000,737500.0,371231.06012293743,0
"Mohammed Khan, Sameer Narayan & Others",1,100000,100000.0,0.0,0
"Mohan Alexander, R. Natarajan, Vikrant Varshney, Amit Sinha",1,350000,350000.0,0.0,0
Mohandas Pai & others,1,400000,400000.0,0.0,0
Mohit Goel,1,1000000,1000000.0,0.0,0
Mohit Joshi & Others,1,330000,330000.0,0.0,0
Mohit Lalvani,1,500000,500000.0,0.0,0
"Mohit Srivastav, Kishore Ganji, Venkat Vallabhaneni, Rajeev Menon",1,5000000,5000000.0,0.0,0
Morgan Stanley,1,50000000,50000000.0,0.0,0
Mount Nathan Advisors,1,1000000,1000000.0,0.0,0
Mount Nathan Advisors Pte Ltd,1,500000,500000.0,0.0,0
"Mudit Saxena, Evan Lim",1,200000,200000.0,0.0,0
Mukesh Kumar Gupta,1,50000,50000.0,0.0,0
"Mukul Singhal, Rohit Jain, Himanshu Aggrawal, Sunil Goyal Ashish Gupta,",1,1500000,1500000.0,0.0,0
Multiple investors,1,150000,150000.0,0.0,0
Multiple investors through Ten Minute Million competition,4,90000,22500.0,0.0,0
Mumbai Angels,2,1450000,725000.0,388908.7296526011,0
Mumbai Angels & Other angel investors,1,350000,350000.0,0.0,0
"Mumbai Angels Network, Fireside Ventures, Singapore Angel Network",1,650000,650000.0,0.0,0
"Mumbai Angels, Mayank Bhangdia, Kae Capital",1,1000000,1000000.0,0.0,0
"Mumbai Angels, Vriddhi Fund, Others",1,1000000,1000000.0,0.0,0
NB Ventures,1,1000000,1000000.0,0.0,0
"NEA, Milliways Ventures, Naya Ventures",1,1000000,1000000.0,0.0,0
NSI Infinium Global Pvt. Ltd,1,8900000,8900000.0,0.0,0
"Nahata Family, Waheed Alli",1,5400000,5400000.0,0.0,0
Nalin Jain & other angel investors,1,220000,220000.0,0.0,0
"Nalin Jain, Shomil Pant, Dinesh Kundu & others",1,205000,205000.0,0.0,0
"Nanadan Nilekani, InMobi, Paytm",1,315000,315000.0,0.0,0
Nandan Nilekani,1,5000000,5000000.0,0.0,0
"Nandan Nilekani, Accel Partners",1,1400000,1400000.0,0.0,0
"Nandan Nilekani, Accel Partners, Kalaari Capital and Inventus Capital",1,21000000,21000000.0,0.0,0
"Nandan Nilekani, Rajiv Mody, Ajai Chowdhary",1,1500000,1500000.0,0.0,0
NanoHoldings,1,18000000,18000000.0,0.0,0
"Narottam Thudi, Shireesh Palle",1,850000,850000.0,0.0,0
"Nasper, Accel India, SAIF Partners, Bessemer Venture Partners, Harmony Partners, Norwest Venture Partners",1,80000000,80000000.0,0.0,0
Naspers,1,71000000,71000000.0,0.0,0
National Science and Technology Entrepreneurship Development Board,1,30000,30000.0,0.0,0
Naturals Salon Chain,1,15000000,15000000.0,0.0,0
"Naveen Arya, Tarun Joshi",1,2000000,2000000.0,0.0,0
Naveen Gupta,1,30000,30000.0,0.0,0
"Naveen Tiwari, Mohit Saxena, Amit Gupta, Piyush Shah, Manish Dugar",1,400000,400000.0,0.0,0
"Neha Vats, Gaurav Vats",1,80000,80000.0,0.0,0
"Nelstone Ventures, Transmedia Capital, Maiden Lane Ventures, CSC Upshot & Angel investors",1,2700000,2700000.0,0.0,0
Neoteric Infomatique Limited,1,3000000,3000000.0,0.0,0
Net1 UEPS Technologies Inc,1,40000000,40000000.0,0.0,0
New Enterprise Associates,1,12500000,12500000.0,0.0,0
"New Enterprise Associates (NEA), Blume Ventures",1,5200000,5200000.0,0.0,0
"New Enterprise Associates, Cheetah Mobile",1,13400000,13400000.0,0.0,0
"New Enterprise Associates, Orios Venture Partners",1,4200000,4200000.0,0.0,0
Newbie Promoter Pvt Ltd,1,100000,100000.0,0.0,0
Newbie Promoters,1,150000,150000.0,0.0,0
Next Orbit Ventures Fund,1,750000,750000.0,0.0,0
Nexus Venture Partners,5,27000000,5400000.0,5867282.164682385,0
"Nexus Venture Partners, Blume Ventures",2,11500000,5750000.0,1767766.9529663688,0
"Nexus Venture Partners, Innoven Capital",1,5000000,5000000.0,0.0,0
"Nexus Venture Partners, Knoll Ventures and others",1,5000000,5000000.0,0.0,0
"Nexus Venture Partners, Matrix Partners",1,20000000,20000000.0,0.0,0
"Nexus Venture Partners, Mekin Maheshwari",1,1000000,1000000.0,0.0,0
"Nexus Venture Partners, Omidyar Network",1,5500000,5500000.0,0.0,0
"Nibhrant Shah, Anandbir Singh, Anirudh Sheth, Pratik Singhi, Vikram Mehta, Murali Nair",1,175000,175000.0,0.0,0
"Nick Adams, Kiran Bhat, Family Pot Investments LLP",1,115000,115000.0,0.0,0
Nihon Kotsu Co,1,1000000,1000000.0,0.0,0
"Nihon Kotsu,",1,500000,500000.0,0.0,0
Ninestarter,1,500000,500000.0,0.0,0
Nirvana Venture Advisors,1,2000000,2000000.0,0.0,0
Nitin Bagmane & Other undisclosed investors,1,1000000,1000000.0,0.0,0
"Nitin Passi, Manickam Mahalingam, Udaan Angels, Rajesh Arora, Arkas Industries",1,500000,500000.0,0.0,0
"Nokia Growth Partners, Nexus Venture Partners, Avalon Ventures",1,15000000,15000000.0,0.0,0
Norwest Venture Partners,3,18000000,6000000.0,7794228.634059948,0
"Norwest Venture Partners, Accel India",1,15000000,15000000.0,0.0,0
"Norwest Venture Partners, DST Global, Accel Partners",1,7000000,7000000.0,0.0,0
"Norwest Venture Partners, Nexus Venture Partners, Helion Venture Partners, Draper Fisher Jurvetson, Peepul Capital",1,4000000,4000000.0,0.0,0
"Norwest Venture Partners, SAIF Partners, Accel Partners",1,16500000,16500000.0,0.0,0
"Noshir Kaka, Subramanian Ramadorai, Kiran Deshpande, Pankaj Gupta, Ravi Nigam & Others",1,600000,600000.0,0.0,0
Not Disclosed,1,20000,20000.0,0.0,0
Now Capital,1,180000,180000.0,0.0,0
Ojas Ventures,1,382000,382000.0,0.0,0
Oliphabs Capital,1,2000000,2000000.0,0.0,0
Oliphans Capital,1,450000,450000.0,0.0,0
"Oliphans Capital, Haresh Chawla",1,1000000,1000000.0,0.0,0
Omidyar Network,1,10000000,10000000.0,0.0,0
"Omidyar Network,",1,5000000,5000000.0,0.0,0
Omnivore Capital,1,1000000,1000000.0,0.0,0
Omnivore Partners,1,971000,971000.0,0.0,0
Ontario Teachers’ Pension Plan & Others,1,200000000,200000000.0,0.0,0
Oranda Global & Others,1,30000,30000.0,0.0,0
"OrbiMed, Pradip Dadha Group",1,50000000,50000000.0,0.0,0
Orios Venture Partner,1,1000000,1000000.0,0.0,0
"Orios Venture Partners, Amit Ranjan & others",1,500000,500000.0,0.0,0
"Orios Venture Partners, Mayfield India",1,1200000,1200000.0,0.0,0
"Orios Venture Partners, Zishaan Hayath",1,1300000,1300000.0,0.0,0
Oswal Techno Ventures LLP,1,400000,400000.0,0.0,0
"Outbox Ventures, Jaspreet Bindra, Arjun Malhotra, Rohan Malhotra, Sidharth Rao, Rakesh Agrawal",1,200000,200000.0,0.0,0
Palred Technologies Ltd,1,3000000,3000000.0,0.0,0
Pankaj Gupta,1,2000000,2000000.0,0.0,0
Parampara Capital,2,2000000,1000000.0,0.0,0
Paul Roy,1,890000,890000.0,0.0,0
"Pawan Borle, Nirmal Singh, Manish Prasad, Vineet Varma, Nick Haulkoury, Abhai S. Rao",1,300000,300000.0,0.0,0
PayU,1,6500000,6500000.0,0.0,0
"PayU, Ribbit Capital, Omidyar Network",1,6500000,6500000.0,0.0,0
Payal Syal,1,300000,300000.0,0.0,0
Paytm,3,25200000,8400000.0,2771281.2921102038,0
Paytm & existing investors,1,10000000,10000000.0,0.0,0
"Paytm, SAIF Partners,  Tiger Global Management & others",1,50000000,50000000.0,0.0,0
Peepul Capital,1,15000000,15000000.0,0.0,0
Peesh Venture Capital,1,1000000,1000000.0,0.0,0
People Group (Shaadi.com),1,1000000,1000000.0,0.0,0
"Phanindra Sama, Anupam Mittal, Vijay Shekhar Sharma, Vishal Gondal, Sateesh Andara & others",1,1750000,1750000.0,0.0,0
"Phanindra Sama, Aprameya Radhakrishna, Aneesh Reddy, Neeraj Jawalkar, Sanjay Anandaram, Pavan Ongole, Venk Krishnan",1,400000,400000.0,0.0,0
"Phanindra Sama, Jay Sethuram, Hemant Kanakia, Ravi Trivedi",1,270000,270000.0,0.0,0
Philippe Bouchet,1,100000,100000.0,0.0,0
Pittie Group,1,100000,100000.0,0.0,0
"Pix Vine Capital, Infocomm Development Authority of Singapore",1,360000,360000.0,0.0,0
"Plug and Play Tech Center, Steelhead Ventures & Others",1,1070000,1070000.0,0.0,0
"Powai Lake Ventures, Ajeet Khurana & others",1,395000,395000.0,0.0,0
"Powai Lake Ventures, Aneesh Reddy, Ashish Kashyap, Alok Mittal",1,500000,500000.0,0.0,0
"Powerhouse Ventures, M&S Partners",1,500000,500000.0,0.0,0
"Pradeep Mirani, Aqeel Ahmed, Anand Ladsariya, Nitin Agarwal",1,300000,300000.0,0.0,0
"Pradyumna Dalmia, Sudhir Rao & Others",1,700000,700000.0,0.0,0
"Prahlad Rao, Sundara Rajan, Vikram Chachra",1,200000,200000.0,0.0,0
Prashant Puri,1,300000,300000.0,0.0,0
Prashanth Ranganathan,1,200000,200000.0,0.0,0
Pravega Ventures,1,400000,400000.0,0.0,0
"Pravin Khandelwal, Yatin Kumar Jain",1,1000000,1000000.0,0.0,0
"PremjiInvest, Tiger Global, Ribbit Capital",1,40000000,40000000.0,0.0,0
Prime Venture Partners,2,1750000,875000.0,176776.69529663687,0
"Prime Venture Partners,",1,750000,750000.0,0.0,0
"Prime Venture Partners, Kalaari Capital",1,3000000,3000000.0,0.0,0
Private Sector Banks (Debt Funding),1,15000000,15000000.0,0.0,0
Promatus Group,1,27000,27000.0,0.0,0
Puneet Bhatia & others,1,80000,80000.0,0.0,0
Puneet Dalmia,1,4000000,4000000.0,0.0,0
PurpleTalk Inc,1,1000000,1000000.0,0.0,0
Purvi Capital,1,260000,260000.0,0.0,0
Purvi Ventures & Others,1,400000,400000.0,0.0,0
"Purvi Ventures, Rajul Garg, Vipin Arora",1,210000,210000.0,0.0,0
QPrize from Qualcomm Ventures,1,250000,250000.0,0.0,0
Quadria Capital Advisors,1,40000000,40000000.0,0.0,0
Quake Capital,1,350000,350000.0,0.0,0
Qualcomm (Through QPrize Contest),1,350000,350000.0,0.0,0
"Qualcomm Venture, Norwest Venture Partners",1,10000000,10000000.0,0.0,0
Quarizon,2,365000,182500.0,50204.581464244875,0
"Quintillion Media, 500 Startups",1,770000,770000.0,0.0,0
Quona Capital,1,7600000,7600000.0,0.0,0
R M Picture Company Pvt. Ltd.,1,150000,150000.0,0.0,0
"RB Investments PTE Ltd, Orios Venture Partners",1,6000000,6000000.0,0.0,0
"RB Investments, Fundnel",1,500000,500000.0,0.0,0
"RB Investments, SAIF Partners, Bessemer Venture Partners",1,10000000,10000000.0,0.0,0
"RB Investments, Sequoia Capital",1,6000000,6000000.0,0.0,0
"RNT Capital, Gokul Rajaram, Aditya Agarwal, Ruchi Sanghvi & others",1,3000000,3000000.0,0.0,0
"RTP-HC, Wonder Ventures, Techstars Ventures & Others",1,5000000,5000000.0,0.0,0
Raghav Bahl,1,3300000,3300000.0,0.0,0
"Raghav Bahl, Ritu Kapur",1,600000,600000.0,0.0,0
"Raghu Khanna, Sameer Gupta",1,110000,110000.0,0.0,0
"Rahul Kirloskar, Fusion Tech Ventures, Adi Saravanan, Pravin Dongre, Mahendra Doshi",1,150000,150000.0,0.0,0
"Rainbow Digital Services Pvt. Ltd, ILearnFinance Academy Pvt. Ltd.",1,700000,700000.0,0.0,0
Rainmaker Ventures,2,6000000,3000000.0,2828427.12474619,0
Rainmatter,4,1243000,310750.0,89212.76067170361,0
Rajan Anandan & other angel investors,1,1200000,1200000.0,0.0,0
"Rajan Anandan, Kunal Bahl, Rohit Bansal, Rahul Khanna",1,161000,161000.0,0.0,0
"Rajan Anandan, L.D Sharma, Saurabh Arora",1,150000,150000.0,0.0,0
"Rajan Anandan, Mike Galgon, Ravi Gururaj, Ashim Mehra,  Mohit Saxena, Internet Group, TNN Capital and others",1,500000,500000.0,0.0,0
"Rajan Anandan, Niraj Singh, Sachin Bhatia, Singapore Angel Network & Aseem Vadehra",1,150000,150000.0,0.0,0
"Rajan Anandan, Shankar Mahadevan, Deep Kalra & Others",1,650000,650000.0,0.0,0
"Rajan Anandan, Zoya Akhtar, Reema Kagati, Ruchi Narain, Amrish Kumar, Hrishikesh Parandekar",1,1000000,1000000.0,0.0,0
Rajasthan Angel Investor Network & Others,1,149000,149000.0,0.0,0
"Rajeev Agrawal, Prashant Gooty",1,100000,100000.0,0.0,0
"Rajendra Gogri,  Chandrakant Gogri",1,2000000,2000000.0,0.0,0
"Rajesh Bhatia, Dheeraj Mehta & Others",1,130000,130000.0,0.0,0
"Rajesh Sawheny , Rajan Anandan, Amit Ranjan, Niraj Singh, AECAL, MeraEvents.",1,120000,120000.0,0.0,0
"Rajul Garg, Daljit Singh, Aditya Vij, Kishore Kumar, Shuchin Bajaj",1,300000,300000.0,0.0,0
"Rakesh Mathur, Vikas Taneja & others",1,1000000,1000000.0,0.0,0
"Ram Kumar Kakani, Pradeep K Jaisingh, Sunil T V, Vijay Ghadge, Hemant Kaul, Gurmeet Chahal & Others",1,305000,305000.0,0.0,0
"Ramesh Jogani, Shailesh Viswanathan, Jay Srinivasan",1,785000,785000.0,0.0,0
Ramesh kavediya,1,166000,166000.0,0.0,0
"Rannvijay Singh, Anita Hassanandani",1,108000,108000.0,0.0,0
Rattan Chadha,1,200000,200000.0,0.0,0
"Ravi Adusumalli, SAIF Partners",1,12000000,12000000.0,0.0,0
"Ravi Garikipati, Surot Chatterjee, Ashish Agrawal, LG Chandrasekhar, Sashi Reddi",1,1000000,1000000.0,0.0,0
"Ravi Gururaj, Gaurav Sharma, Viswanath Ramachandran, RippleWave",1,500000,500000.0,0.0,0
Ravi Krishnamurthy,1,530000,530000.0,0.0,0
"Ravi Saxena, Sandeep Raju,",1,191000,191000.0,0.0,0
Rebright Partners,1,425000,425000.0,0.0,0
"Rebright Partners, Anand Rajaraman, Venky Harinarayan",1,1200000,1200000.0,0.0,0
"Rebright Partners, Ankush Nijhawan, Gaurav Bhatnagar, Manish Dhingra",1,1300000,1300000.0,0.0,0
"Rebright Partners, Sol Primero, Sudhir Anandarao, Ankur Warikoo, Ankur Singla",1,500000,500000.0,0.0,0
Recruit Holdings,1,5000000,5000000.0,0.0,0
Reliance Capital,1,900000,900000.0,0.0,0
Reliance Capital Venture,1,1000000,1000000.0,0.0,0
Reliance Corporate Advisory Services Ltd,1,1000000,1000000.0,0.0,0
"Riju Gupta, Kamal Chabra",1,100000,100000.0,0.0,0
"Rimpal Chawla, Anuj Srivastava",1,200000,200000.0,0.0,0
Riqueza Capital,1,385000,385000.0,0.0,0
"Rishi Parti, BrahmaX Ventures",1,500000,500000.0,0.0,0
"Rishi Vasudev, Amit Gupta, Rajiv Nayan",1,550000,550000.0,0.0,0
"Ritesh Dwivedy, Ramakant Sharma, Mount Nathan Advisors",1,2000000,2000000.0,0.0,0
"Ritesh Veera, Singapore Angel Network, Orios Venture Partners,",1,300000,300000.0,0.0,0
Rob Chandra,1,500000,500000.0,0.0,0
Rocket Internet,1,2000000,2000000.0,0.0,0
Rocket Internet AG & others,1,110000000,110000000.0,0.0,0
"Rocket Internet AG, Holtzbrink Ventures, New Enterprise Associates (NEA), e.ventures, ru-Net, Deutsche Telekom Strategic Investments (DTSI), Silicon Valley Bank",1,11000000,11000000.0,0.0,0
Rocketship,1,500000,500000.0,0.0,0
"Rohan Angrish, Hrishi Oberoi, Rahul Mehta, Kapil Hetamsaria, Pranav Dedhia",1,200000,200000.0,0.0,0
Rohto Pharmaceutical,1,5000000,5000000.0,0.0,0
Romulus Capital,1,2000000,2000000.0,0.0,0
Ronnie Screwvala,1,3500000,3500000.0,0.0,0
"Roopak Saluja, Vishal Khare",1,450000,450000.0,0.0,0
RoundGlass Partners,3,4000000,1333333.3333333333,577350.2691896257,0
"Ruchirans Jaipuria, Anuj Sanghi",1,500000,500000.0,0.0,0
"Rudy Gopalakrishnan, ah! Ventures",1,200000,200000.0,0.0,0
S Chand and Co Pvt Ltd,1,200000,200000.0,0.0,0
"S Chand and Co Pvt Ltd, Blume Ventures",1,1000000,1000000.0,0.0,0
"S Chand, AdvantEdge Partners",1,1000000,1000000.0,0.0,0
S S Mukherji & Others,1,350000,350000.0,0.0,0
S. Xavier Britto,1,1500000,1500000.0,0.0,0
"S.Gopalakrishnan, Beenos",1,1000000,1000000.0,0.0,0
SAIF Partners,9,15200000,1688888.888888889,1564004.8309104138,3
SAIF Partners and others,1,30000000,30000000.0,0.0,0
"SAIF Partners, Accel Partners, Kunal Bahl, Rohit Bansal",1,1600000,1600000.0,0.0,0
"SAIF Partners, Accion",1,3000000,3000000.0,0.0,0
"SAIF Partners, Aprameya Radhakrishnan, Phanindra Sama, Subba Rao Telidevara, Vibhu Garg, Paula Ravindra Mariwala, Gaurav Bhalotia",1,1200000,1200000.0,0.0,0
"SAIF Partners, Fulcrum Ventures",1,3000000,3000000.0,0.0,0
"SAIF Partners, Haresh Chawla",1,6000000,6000000.0,0.0,0
"SAIF Partners, IDG Ventures India",1,4000000,4000000.0,0.0,0
"SAIF Partners, IDG Ventures India, Vertex Ventures, Valiant Capital",1,12500000,12500000.0,0.0,0
"SAIF Partners, India Quotient",2,5350000,2675000.0,1873832.970144351,0
"SAIF Partners, Sequoia Capital",1,10000000,10000000.0,0.0,0
"SAIF Partners, Sequoia Capital, Aspada",1,13000000,13000000.0,0.0,0
"SAIF Partners,  Accel Partners",1,10000000,10000000.0,0.0,0
SAIF partners,1,10000000,10000000.0,0.0,0
"SAP.iO, Unilazer Ventures",1,2000000,2000000.0,0.0,0
"SBI-FMO Fund, Bessemer Venture Partners, Catamaran Ventures",1,18500000,18500000.0,0.0,0
SEEK Ltd & affiliates,1,10000000,10000000.0,0.0,0
SF Capital Group,1,8000000,8000000.0,0.0,0
SIDBI Venture Capital Fund,1,1790000,1790000.0,0.0,0
"SIDBI Venture Capital Limited, YourNest Angel Fund",1,3000000,3000000.0,0.0,0
SIDBI Venture Capital Ltd,1,2400000,2400000.0,0.0,0
"SIDBI Venture Capital Ltd, Kalaari Capital",1,3000000,3000000.0,0.0,0
SIMI Pacific Pte,1,260000000,260000000.0,0.0,0
SQue Capital,1,600000,600000.0,0.0,0
"SQue Capital, Grace Capital Ventures, Soham Vencaps",1,1200000,1200000.0,0.0,0
SRI Capital,5,12800000,2560000.0,4163141.842407006,0
"Saama Capital, Blume Ventures & Vaibhav Domkundwar",1,1000000,1000000.0,0.0,0
"Saama Capital, Mayfield, Ashvin Chadha, Shailesh Mehta",1,10000000,10000000.0,0.0,0
"Saama Capital, Raghunandan G, Aprameya Radhakrishna",1,1100000,1100000.0,0.0,0
"Sachin Bansal & Binny Bansal, Sol Primero, Outbox Ventures, Sangram Singh",1,350000,350000.0,0.0,0
"Sachin Bansal, Bunny Bansal & other investors",1,10000000,10000000.0,0.0,0
"Sachin and Binny Bansal, Malvinder and Shivinder Singh, Gurpreet Singh & others",1,2400000,2400000.0,0.0,0
"Saha Fund, TV Mohandas Pai, Zia Mody, Mumbai Angels, Ananda Kallugadde, Rakesh Desai, Rakesh Malhotra",1,1000000,1000000.0,0.0,0
Saif Partners,1,3500000,3500000.0,0.0,0
Sameer Koticha,1,1500000,1500000.0,0.0,0
"Samir Bangara, Anisha Mittal, Amit Gupta, Pallav Nadhani, Lalit Mangal, Arihant Patni, Dr. Ritesh Malik, Deobrat Singh, Saurab Paruthi, Singapore Angel Network.",1,100000,100000.0,0.0,0
Samridhi Fund,1,3000000,3000000.0,0.0,0
"Sandeep Parwal, Krishan Gupta & Others",1,1000000,1000000.0,0.0,0
Sandiep Shrivatsava,1,500000,500000.0,0.0,0
"Sands Capital, IFC, Accel Partners, Flipkart, Sanjiv Rangrass",1,70000000,70000000.0,0.0,0
Sanjay Mehta & Others ( The Ten Minute Million),1,106000,106000.0,0.0,0
"Sanjay Nayar, Vikram Sud, Anil Jaggia, Narayan Seshadri",1,15000000,15000000.0,0.0,0
"Sanjeev Kapoor,  Ravi Saxena & Others",1,2000000,2000000.0,0.0,0
Sanjeev Sinha,1,295000,295000.0,0.0,0
Sarath Sura,1,1000000,1000000.0,0.0,0
Sarva Capital,1,4700000,4700000.0,0.0,0
Sashi Reddi & Other unnamed investors,1,1500000,1500000.0,0.0,0
"Sashi Reddi, Gabriel Investments",1,600000,600000.0,0.0,0
Satoshi Studios,1,50000,50000.0,0.0,0
"Satyen Kothari, Keshav Sanghi, Riddhesh Gandhi & Others",1,500000,500000.0,0.0,0
Saïd Business School Seed Fund.,1,40000,40000.0,0.0,0
Sean O’Sullivan & Others,1,190000,190000.0,0.0,0
"SeedPlus, Infocomm Investments, Accel Partners RNT Associates",1,675000,675000.0,0.0,0
"Seedfund, Bedrock Ventures",1,1000000,1000000.0,0.0,0
"Seedfund, RB International",1,4000000,4000000.0,0.0,0
Seedrs Crowd funding platform,1,125000,125000.0,0.0,0
"Segnel Venture, Shinji Kimura, Sundar Chanrai, JAFCO Asia, SingTel’s Innov8, Jungle Ventures, K Ganesh",1,5000000,5000000.0,0.0,0
Sequoia Capital,12,188850000,15737500.0,12597242.212628778,3
Sequoia Capital India,1,10000000,10000000.0,0.0,0
"Sequoia Capital India, Accel Partners",1,55000000,55000000.0,0.0,0
"Sequoia Capital India, North Base Media, Aarin Capital, 3one4 Capital, Axilor Ventures, Kunal Shah, Sandeep Tandon",1,3000000,3000000.0,0.0,0
"Sequoia Capital India, Omidyar Network, Kae Capital",1,12000000,12000000.0,0.0,0
"Sequoia Capital, Accel Partners",1,9600000,9600000.0,0.0,0
"Sequoia Capital, Ascent Capital, eContext Asia, Beenos Asia",1,25000000,25000000.0,0.0,0
"Sequoia Capital, Beenext Ventures, India Quotient, Anand Chandrasekaran",1,3000000,3000000.0,0.0,0
"Sequoia Capital, Blume Ventures, Uniqorn Ventures and other",1,70000000,70000000.0,0.0,0
"Sequoia Capital, Empire Angels, NGP",1,11000000,11000000.0,0.0,0
"Sequoia Capital, Grey Orange, Rajesh Ramaiah, Anshuman Das, Rishi Das",1,2000000,2000000.0,0.0,0
"Sequoia Capital, India Quotient",1,1750000,1750000.0,0.0,0
"Sequoia Capital, Jason Hirschhorn, Jarett Posner, and Amit Bhatiani",1,2200000,2200000.0,0.0,0
"Sequoia Capital, Kae Capital, Anupam Mittal, Sandeep Tandon",1,5500000,5500000.0,0.0,0
"Sequoia Capital, Kinzon Capital",1,15000000,15000000.0,0.0,0
"Sequoia Capital, Kunal Bahl, Rohit Bansal, Deepinder Goyal, Ashish Dhawan, Mayank Singhal",1,6000000,6000000.0,0.0,0
"Sequoia Capital, Lightspeed Ventures",1,7500000,7500000.0,0.0,0
"Sequoia Capital, Matrix Partners",2,37500000,18750000.0,15909902.57669732,0
"Sequoia Capital, Nexus Venture Partners",1,10000000,10000000.0,0.0,0
"Sequoia Capital, Nexus Venture Partners, Blume Ventures",1,11000000,11000000.0,0.0,0
"Sequoia Capital, Nexus venture Partners, Lightspeed Ventures, GFC",1,18000000,18000000.0,0.0,0
"Sequoia Capital, Ranjan Pai, Mohandas Pai & others",1,4500000,4500000.0,0.0,0
"Sequoia Capital, Rohit Bansal, Kunal Bahl, Sandeep Tandon, Kunal Shah, Zishaan Hayath,  Abhishek Jain",1,1700000,1700000.0,0.0,0
"Sequoia Capital, Seedfund",1,5000000,5000000.0,0.0,0
"Sequoia Capital, TR Capital, Steadview Capital, SAIF Partners, Kalaari Capital",1,50000000,50000000.0,0.0,0
"Sequoia Capital, Times Internet Ltd & One more Fund",1,20000000,20000000.0,0.0,0
"Sequoia Capital, Tree Line Asia, Innoven Capital",1,6600000,6600000.0,0.0,0
"Sequoia Capital, Unitus Seed Fund",1,4000000,4000000.0,0.0,0
Sequoia India,3,31000000,10333333.333333334,8386497.083606083,0
"Sequoia India, BEENEXT Ventures, Kunal Shah & Sandeep Tandon",1,1900000,1900000.0,0.0,0
"Sequoia India, BEENEXT, Helion Ventures",1,6000000,6000000.0,0.0,0
"Sequoia India, EDBI, Blue Cloud Ventures, Hercules Capital",1,51000000,51000000.0,0.0,0
"Sequoia India, Lightspeed Venture Partners, Nexus Venture Partners, Global Founders Capital, Apoletto",1,34000000,34000000.0,0.0,0
"Sequoia India, NEA, Prime Venture Partners",1,12300000,12300000.0,0.0,0
"Sequoia India, SAIF Partners.",1,36000000,36000000.0,0.0,0
"Sequoia India, Sofina",1,75000000,75000000.0,0.0,0
Sequoia and Kalaari Capital.,1,10000000,10000000.0,0.0,0
"Sharad Hegde, Girish Reddy, Siddharth Patil, Shrikant Patil",1,1000000,1000000.0,0.0,0
"Shekhar Sahu, Nitesh Pant",1,150000,150000.0,0.0,0
"Sherpa Capital, Nyca Partners and Thomvest Ventures",1,13500000,13500000.0,0.0,0
Shiva Ashok & Other unnamed investors,1,100000,100000.0,0.0,0
"Shruth & Smith Group, Hermes Group",1,180000,180000.0,0.0,0
Shunwei Capital,1,3000000,3000000.0,0.0,0
"Siddhartha Gupta, Ashvin Chadha",1,2000000,2000000.0,0.0,0
"Sierra Ventures, Cota Capital, Vegas Tech Fund",1,2950000,2950000.0,0.0,0
"Silicon Valley Ventures, NEA Ventures, Valiant Capital, IDG Ventures India,  SAIF Partners, Vertex Ventures",1,10000000,10000000.0,0.0,0
"Silver Range Investments, Lumina Datamatics, Shun Yoshida & Others",1,1000000,1000000.0,0.0,0
Singularity Ventures,1,1000000,1000000.0,0.0,0
"Sistema Asia Fund, Amereus Group, Helion Ventures",1,8000000,8000000.0,0.0,0
"Sistema Asia Fund, Helion Venture, VentureEast, India Alternatives",1,12000000,12000000.0,0.0,0
Snapdeal,1,20000000,20000000.0,0.0,0
Snow Leopard Technology Ventures,1,1600000,1600000.0,0.0,0
"Snow Leopard Ventures, Alto Partners",1,5000000,5000000.0,0.0,0
"Snow Leopard, Paytm",1,5000000,5000000.0,0.0,0
"Sofina, Google Capital, Altimeter Capital, Sequoia Capital Global Equities, Yuri Milner, Sequoia Capital, Matrix Partners",1,90000000,90000000.0,0.0,0
"Sofina, Hillhouse Capital",1,30000000,30000000.0,0.0,0
SoftBank Corp,1,15000000,15000000.0,0.0,0
SoftBank Group,2,1462000000,731000000.0,946108873.2276006,1
SoftBank Group Corp,1,330000000,330000000.0,0.0,0
"SoftBank Group, Greenoaks Capital, Sequoia Capital,  Lightspeed India",1,100000000,100000000.0,0.0,0
"SoftBank Vision Fund, Lightspeed Venture Partners, Sequoia Capital India Advisors, Greenoaks Capital Partners",1,250000000,250000000.0,0.0,0
Softbank Group,1,5000000,5000000.0,0.0,0
"Softbank Ventures Korea, IMM Investment",1,15000000,15000000.0,0.0,0
"Softbank, Sequoia Capital",1,100000000,100000000.0,0.0,0
"Softbank, Sequoia Capital, Lightspeed Venture Partners, Greenoaks Capital, DSG Consumer Partners and Venture Nursery",1,100000000,100000000.0,0.0,0
"Softbank, Tiger Global, Sequoia Capital, Apoletto Managers",1,120000000,120000000.0,0.0,0
Sol Primero,1,160000,160000.0,0.0,0
"Sol Primero, Outbox Ventures, Nikunj Jain",1,240000,240000.0,0.0,0
"Sol Primero, Rajiv Mehta",1,250000,250000.0,0.0,0
Solidarity Venture Capital & others,1,100000,100000.0,0.0,0
"Soma Capital, Great Oaks Ventures, 122 West Ventures",1,1500000,1500000.0,0.0,0
Songhyun Investment,1,3600000,3600000.0,0.0,0
Sophia Investment ApS,1,2000000,2000000.0,0.0,0
Sreenivasa Reddy Musani,1,448000,448000.0,0.0,0
"Srinivas Aluri, Srinivas Modukury, BS Nagesh",1,1000000,1000000.0,0.0,0
Srinivas Tirupati,1,500000,500000.0,0.0,0
"Stanford Angels, LetsVenture, Chennai Angels, Hyderabad Angels, Mumbai Angels",1,1500000,1500000.0,0.0,0
Star India Pvt Ltd,1,10000000,10000000.0,0.0,0
Star India Pvt. Ltd,1,10000000,10000000.0,0.0,0
Steadview Capital and existing investors,1,700000000,700000000.0,0.0,2
"Stellaris Venture Partners,",1,1200000,1200000.0,0.0,0
"Stellaris Venture Partners, Helion Venture Partners, Powerhouse Ventures, Gokul Rajaram, Girish Mathrubootham, Aneesh Reddy, Vispi Daver",1,3690000,3690000.0,0.0,0
"Stripes Group, Network 18, Accel Partners, SAIF Partners",1,82000000,82000000.0,0.0,0
Subhash Goyal,1,470000,470000.0,0.0,0
"Subramani Somasundaram, Sundeep Sahni, Mayank Mittal & Others",1,200000,200000.0,0.0,0
Sudhir Mehta,1,100000,100000.0,0.0,0
"Sujeet Kumar, Bhupender Singh, Yashish Dhaiya",1,200000,200000.0,0.0,0
"Sumit Gandhi, Manish Gandhi",1,100000,100000.0,0.0,0
"Sumit Jain, Rajat Jain, Sanjay Bhasin",1,320000,320000.0,0.0,0
Sunil Mehta,1,1000000,1000000.0,0.0,0
"Sunil Munjal, Mariwala family",1,12300000,12300000.0,0.0,0
"Sunrise Capital GmBH, Big Data Investments B.V",1,11000000,11000000.0,0.0,0
Suyash Sharma,1,77000,77000.0,0.0,0
Swan Angel Network,1,150000,150000.0,0.0,0
"Swan Angel Network,Sachin Khandelwal and others",1,375000,375000.0,0.0,0
Swarnim Multiventures,1,800000,800000.0,0.0,0
Swastika,1,250000,250000.0,0.0,0
Swastika Co Ltd.,1,1000000,1000000.0,0.0,0
Swastika Company Ltd,2,380000,190000.0,56568.5424949238,0
Swastika Company Ltd.,1,40000,40000.0,0.0,0
Swastika Investmart Ltd,1,297000,297000.0,0.0,0
Syska LED group,1,2500000,2500000.0,0.0,0
TA Associates,2,125000000,62500000.0,17677669.52966369,0
"TCS, HDFC, Faering Capital, Elevate Sports",1,2000000,2000000.0,0.0,0
TO THE NEW Ventures,1,10000000,10000000.0,0.0,0
"TPG Growth, TR Capital, IDG Ventures",1,2150000,2150000.0,0.0,0
"TV Mohandas Pai, LetsVenture",1,1000000,1000000.0,0.0,0
"TV Mohandas Pai, V Balakrishnan, PV Srinivasan",1,366000,366000.0,0.0,0
TVS Group,1,500000,500000.0,0.0,0
Tamarind Family Private Trust,1,500000,500000.0,0.0,0
Tania Johny Palathinkal,1,100000,100000.0,0.0,0
Tano Capital,1,10000000,10000000.0,0.0,0
Tarun Arora,1,150000,150000.0,0.0,0
Tata Capital Innovation Fund,1,5000000,5000000.0,0.0,0
Taxmann,1,324000,324000.0,0.0,0
Tekne Capital Management LLC,1,50000000,50000000.0,0.0,0
Temasek Holdings,1,55000000,55000000.0,0.0,0
"Temasek Holdings, March Capital, Warburg Pincus",1,145000000,145000000.0,0.0,0
"Temasek, Norwest Venture Partners",1,60000000,60000000.0,0.0,0
"Temasek, Vy Capital",1,60000000,60000000.0,0.0,0
Tencent Holdings,1,35000000,35000000.0,0.0,0
"Tencent Holdings, Foxconn Technology Group, Tiger Global, SoftBank Group, Bharti Enterprises",1,175000000,175000000.0,0.0,0
"Tencent,  ru-Net, RSI Fund, Thrive Capital",1,55000000,55000000.0,0.0,0
Tennenbaum Capital Partners & Others,1,100000000,100000000.0,0.0,0
"TermSheet, ah! Ventures",1,185000,185000.0,0.0,0
The 1947,1,300000,300000.0,0.0,0
The Chennai Angels,4,1203000,300750.0,176581.19001373468,0
"The Chennai Angels, Anthill Scale Ventures, Esvee Technologies Inc, Inc95 Consulting",1,311000,311000.0,0.0,0
"The Chennai Angels, IDG Ventures India",1,1000000,1000000.0,0.0,0
The HR Fund,1,500000,500000.0,0.0,0
The Ten Minute Million,3,108500,36166.666666666664,27660.139792367885,0
Tiger Global,7,124500000,17785714.285714287,9643033.50808734,3
Tiger Global & Other investors,1,100000000,100000000.0,0.0,0
Tiger Global Management,2,31000000,15500000.0,20506096.654409878,0
"Tiger Global Management, Bertelsmann India, Steadview Capital, Liberty Media, Mousse Partners, Quilvest",1,100000000,100000000.0,0.0,0
"Tiger Global Management, Flipkart",1,7700000,7700000.0,0.0,0
"Tiger Global Management, Indian Quotient, Binny Bansal",1,5000000,5000000.0,0.0,0
"Tiger Global Management, Lightspeed Venture Partners",1,5000000,5000000.0,0.0,0
"Tiger Global Management, Matrix Partners",1,9000000,9000000.0,0.0,0
"Tiger Global Management, Multiples Alternate Asset Management, Nexus Venture Partners, Times Internet",1,85000000,85000000.0,0.0,0
"Tiger Global Management, Orios Venture Partners",1,30000000,30000000.0,0.0,0
"Tiger Global Management, Ratan Tata, Nexus Venture Partners",1,10200000,10200000.0,0.0,0
"Tiger Global Management, Sequoia Capital India",1,10000000,10000000.0,0.0,0
"Tiger Global Management, Yuri Milner, Apoletto, Accel Partners, Flipkart",1,25000000,25000000.0,0.0,0
"Tiger Global, Accel Partners",1,5000000,5000000.0,0.0,0
"Tiger Global, Google Capital & Accel Partners",1,50000000,50000000.0,0.0,0
"Tiger Global, Investment AB Kinnevik, Steadview Capital",1,150000000,150000000.0,0.0,0
"Tiger Global, Matrix Partners, Lightspeed Venture Partners",1,30000000,30000000.0,0.0,0
"Tiger Global, Orios Venture Partners.",1,15000000,15000000.0,0.0,0
"Tiger Global, Rebright Partners, Sachin and Binny Bansal",1,4150000,4150000.0,0.0,0
"Tiger Global, Sequoia Capital",1,35000000,35000000.0,0.0,0
"Tiger Global, Sequoia Capital.",1,15000000,15000000.0,0.0,0
"Tiger Global, Times Internet, Zodius Capital",1,18000000,18000000.0,0.0,0
"Tiger Global,  Nirvana Ventures Advisors",1,20000000,20000000.0,0.0,0
"Tim Chen, Sanjay Venkat",1,180000,180000.0,0.0,0
Times Internet,1,15000000,15000000.0,0.0,0
Times Internet Ltd,1,4500000,4500000.0,0.0,0
"Times Internet, GVFL",1,1400000,1400000.0,0.0,0
"Times Internet, Innoven Capital, Matrix Partners India, Qualcomm Ventures",1,6000000,6000000.0,0.0,0
Times of India Group & Existing investors,1,13500000,13500000.0,0.0,0
"Tolaram Inc, Mountain Pine Capital",1,1500000,1500000.0,0.0,0
"Tom Clausen, Rohan Ajila, Haldyn Glass",1,135000,135000.0,0.0,0
Torrent Group,1,37000000,37000000.0,0.0,0
"Tracxn Labs, Hyderabad Angels, Kunal Shah, Gaurav Bhalotia",1,600000,600000.0,0.0,0
Transamerica,1,15000000,15000000.0,0.0,0
"Tree Line Asia, Cisco Investments, American Express, Sequoia Capital",1,25000000,25000000.0,0.0,0
Trifecta Capital,6,16900000,2816666.6666666665,2247146.338507278,0
"Trinity Ventures, InterWest Partners, Mohr Davidow Ventures, Presidio Ventures",1,16000000,16000000.0,0.0,0
Turning Ideas,1,50000,50000.0,0.0,0
"UC-RNT Fund, Matrix Partners, alcon Edge Capital, DSG Consumer Partners",1,31000000,31000000.0,0.0,0
UK based Group of Angel Investors,1,140000,140000.0,0.0,0
Umang Kumar,1,445000,445000.0,0.0,0
Un disclosed investors,1,1000000,1000000.0,0.0,0
Undisclosed,8,12665000,1583125.0,3419104.871892642,3
Undisclosed Ex Mckinsey Directors and Partners,1,550000,550000.0,0.0,0
Undisclosed HNI investors,1,1000000,1000000.0,0.0,0
Undisclosed HNIs,5,3645000,729000.0,691614.0542238858,0
Undisclosed Investor,8,4880000,610000.0,1177488.2468324562,3
Undisclosed Investors,24,21906000,912750.0,1487443.656221903,3
Undisclosed Investors & Tamarind Family Private Trust,1,2200000,2200000.0,0.0,0
"Undisclosed Japanese investor, Bertelsmann India Investments, Nirvana Digital India Fund, Nirvana Digital Investment Holding Co Ltd, 500 Start-Ups",1,8000000,8000000.0,0.0,0
Undisclosed US Based Investors,1,4000000,4000000.0,0.0,0
Undisclosed investor,7,1971000,281571.4285714286,352315.1322054623,3
Undisclosed investors,21,20608000,981333.3333333334,2359465.7516762842,3
Undisclosed multiple investors,1,147000,147000.0,0.0,0
Undisclosed private investors,1,100000,100000.0,0.0,0
Unicorn India Ventures,2,490000,245000.0,7071.067811865475,0
"Unicorn India Ventures, Venky Krishnakumar, Suresh Shankar, Vivek Bhargava",1,500000,500000.0,0.0,0
Unicorn Venture,1,225000,225000.0,0.0,0
Unicorn Ventures,1,250000,250000.0,0.0,0
Unilazer,1,1200000,1200000.0,0.0,0
"Unilazer Fund,  Phanindra Sama, Peyush Bansal",1,1400000,1400000.0,0.0,0
Unilazer Ventures,2,4600000,2300000.0,141421.35623730952,0
"Unilazer Ventures,",1,10000000,10000000.0,0.0,0
"Unilazer Ventures, Orios Venture Partners, Steven Lurie",1,2000000,2000000.0,0.0,0
Uniqorn Ventures,1,350000,350000.0,0.0,0
"Uniqorn Ventures Fund, TV Mohandas Pai, S Somasegar",1,1500000,1500000.0,0.0,0
"Uniqorn ventures, ASP Consulting",1,700000,700000.0,0.0,0
Unitus Seed Fund,1,970000,970000.0,0.0,0
"Unitus Seed Fund, Bijou Kurien, Narayan Ramachandran",1,1200000,1200000.0,0.0,0
"Unitus Seed FundNarayan Ramachandran, Bijou Kurien",1,500000,500000.0,0.0,0
Unnamed Media house and HNIs,1,6000000,6000000.0,0.0,0
Unnamed investor,1,77000,77000.0,0.0,0
"Urrshila Kerkar,",1,7700000,7700000.0,0.0,0
V Aanand R,1,300000,300000.0,0.0,0
"V Balakrishnan, T V Mohandas Pai",1,160000,160000.0,0.0,0
"V Balakrishnan, T V Mohandas Pai, BC Prabhakar",1,250000,250000.0,0.0,0
"Vaibhav Doshi, Abhay Singhal, Vibhu Garg, Joby Babu, Abhishek Acharya, Manish Shah",1,300000,300000.0,0.0,0
Valiant Capital,1,15000000,15000000.0,0.0,0
Valiant Capital Partners,1,26000000,26000000.0,0.0,0
"Valiant Capital, Tybourne Capital, Sequoia Capital, RuNet and Sofina",1,80000000,80000000.0,0.0,0
"Vallabh Bhanshali, N Squared Management LLC, Jagdish & Sandeep Mehta Family Office",1,2300000,2300000.0,0.0,0
Value Fund Advisors,1,50000000,50000000.0,0.0,0
"Varun Aggarwal, Suresh Venkat, Raj Y",1,400000,400000.0,0.0,0
"Varun Ahuja, Anubhav Verma",1,150000,150000.0,0.0,0
"Varun Khurana, Samar Singla, Vinay Bansal,",1,200000,200000.0,0.0,0
"Vedanta Capital, William Campbell, Toos N Daruvala",1,2250000,2250000.0,0.0,0
"Venk Krishnan, MJ Aravind, Vikram Kotak, Jayant Davar,  Ramkumar Nishtal, Arjun Sharmaa",1,440000,440000.0,0.0,0
"Venkat Vallabhneni, Sudhakar Reddy, Srinivasa Rao Paturi",1,315000,315000.0,0.0,0
Venture Catalysts,4,1400000,350000.0,177951.30420052184,0
"Venture Catalysts, Alfa Capital, Green Shots Capital, Real Time Ventures",1,1000000,1000000.0,0.0,0
"Venture Catalysts, Sourav Ganguly, Ankit Aditya, Moksh Sports Ventures",1,464000,464000.0,0.0,0
"VentureEast,  Varaprasad Reddy",1,5000000,5000000.0,0.0,0
"Ventureast, Endiya Partners, Eight Roads Ventures, F-Prime Capital Partners",1,1500000,1500000.0,0.0,0
"Ventureworks India, Blume Ventures, Batlivala & Karani Securities, Nikunj Jhaveri",1,1000000,1000000.0,0.0,0
"Venturra Capital, Sequoia India, Susquehanna International Group.  Wavemaker Partners, Beenext, Beenos, Digital Garage",1,8000000,8000000.0,0.0,0
Verlinvest SA,1,10000000,10000000.0,0.0,0
"Version One Ventures, 500 Startups, Nexus Venture Partners and Arena Ventures",1,1800000,1800000.0,0.0,0
"Vertex Ventures, C31 Ventures",1,5000000,5000000.0,0.0,0
"Vertex Ventures, Cisco Ventures, IDG Ventures",1,6000000,6000000.0,0.0,0
"Vertex Ventures, Lumis Partners",1,7500000,7500000.0,0.0,0
Vijay Shekhar Sharma,1,150000,150000.0,0.0,0
"Vijay Shekhar Sharma, Pravin Gandhi,  Smart Start Fund; Kunal Shah,  Sandeep Tandon, Vishal Gondal, & Others",1,1000000,1000000.0,0.0,0
"Vikas Agarwal, Vishal Khare, Sanjeev Kakkar, Smile Group",1,310000,310000.0,0.0,0
Vineel Nalla & Others,1,150000,150000.0,0.0,0
"Vinod Martin, Evan Lim, Kanchan Ghoshal, Ram Kumar Kakani",1,100000,100000.0,0.0,0
"Vinod Martin, Hemant Kaul, Prof. Ram Kumar Kakani & Others",1,50000,50000.0,0.0,0
"Vipul Parekh, ajesh K Murthy,",1,2500000,2500000.0,0.0,0
Viraj Tyagi & Others,1,200000,200000.0,0.0,0
Viraj Tyagi & others,1,200000,200000.0,0.0,0
Virendra Patel,1,450000,450000.0,0.0,0
"Virendra Shahney, Dr Paresh Doshi",1,250000,250000.0,0.0,0
Viridian Capital,1,30000,30000.0,0.0,0
"Vivek Bhargava, Ameera Shah",1,147000,147000.0,0.0,0
"Vy Capital, SAIF Partners, Accel Partner, Bessemer Venture Partners",1,21000000,21000000.0,0.0,0
WGG International,1,3200000,3200000.0,0.0,0
"WRV Capital and IndusAge Partners, Infosys Innovation Fund",1,10000000,10000000.0,0.0,0
Warburg Pincus,2,212000000,106000000.0,43840620.433565944,0
"Warburg Pincus, Sequoia Capital, Norwest Venture Partners",1,45000000,45000000.0,0.0,0
WaterBridge Ventures,1,650000,650000.0,0.0,0
"Wealth First, Ashneer Grover, Atul Phadnis",1,500000,500000.0,0.0,0
"WestBridge Capital, Omidyar Network, Elevar Equity, Saama Capital,  Lok Capital",1,40000000,40000000.0,0.0,0
Westbridge Capital Partners,1,15600000,15600000.0,0.0,0
"William Bissell, Neeraj Aggarwal, Nandan Nilekani",1,2250000,2250000.0,0.0,0
Wipro,1,5000000,5000000.0,0.0,0
"Wipro Ventures,  Lumis Partners",1,4000000,4000000.0,0.0,0
Wu Chay Chin,1,3000000,3000000.0,0.0,0
"Xchange Investors NV, TransGlobal FZC",1,3000000,3000000.0,0.0,0
Xiaomi Inc,1,25000000,25000000.0,0.0,0
Y Combinator,2,240000,120000.0,0.0,0
Yajnanarayana Kammaje,1,160000,160000.0,0.0,0
"Yeahmobi, Fenqile",1,2000000,2000000.0,0.0,0
Yes Bank,1,7800000,7800000.0,0.0,0
"You & Mr Jones, Fortisure Ventures, Diaz Nesamoney",1,6000000,6000000.0,0.0,0
YouWeCan Ventures,1,630000,630000.0,0.0,0
YourNest Angel Fund,2,850000,425000.0,247487.37341529163,0
"YourNest Angel Fund,",1,1000000,1000000.0,0.0,0
"YourNest Angel Fund, Venture Nursery",1,750000,750000.0,0.0,0
"YourNest Angel Fund, iSON",1,1000000,1000000.0,0.0,0
YourNest Angel Fund  & Others,1,1000000,1000000.0,0.0,0
Zaffiro Ventures,1,500000,500000.0,0.0,0
Zephyr Peacock India,1,3000000,3000000.0,0.0,0
"Zishaan Hayath, Abhishek Goyal, Arjun and Rohan Malhotra, Harpreet Singh Grover, Gagan Dugal",1,250000,250000.0,0.0,0
"Zishaan Hayath, Lalit Mangal, Harpreet Singh Grover",1,200000,200000.0,0.0,0
"Zodius Capital, Kalaari Capital, Qualcomm Ventures, Russian venture capital fund Ru-Net, Mumbai Angels",1,3750000,3750000.0,0.0,0
"Zodius Capital, Lightspeed Venture Partners",1,16500000,16500000.0,0.0,0
"Zodius Capital, Ru-Net, Kalaari Capital,  Qualcomm Ventures",1,16000000,16000000.0,0.0,0
Zodius Technology Fund,1,20000000,20000000.0,0.0,0
"Zodius Technology Fund, Khazanah Nasional Berhad",1,40000000,40000000.0,0.0,0
"Zodius Technology Fund, Lightspeed Venture Partners",1,17000000,17000000.0,0.0,0
"Zodius Technology Opportunities Fund, Matrix Partners",1,11100000,11100000.0,0.0,0
ah! Ventures,3,1700000,566666.6666666666,388372.67325770145,0
"ah! Ventures, 500 Startups & Other HNIs",1,1100000,1100000.0,0.0,0
"ah! Ventures, Times Internet, Rudy Gopalakrishnan",1,600000,600000.0,0.0,0
"ah! Ventures, Viktor Koenig PE Fund, Mantra Ventures",1,1000000,1000000.0,0.0,0
"ain Capital Ventures, Renaud Laplanche",1,10000000,10000000.0,0.0,0
"havya Sharma, Amit Nagar",1,450000,450000.0,0.0,0
"hooting Starts Sports LLP, Franchise India Brands",1,1000000,1000000.0,0.0,0
i2india Pvt Ltd,1,500000,500000.0,0.0,0
i2india Ventures,1,500000,500000.0,0.0,0
iBhubs,1,215000,215000.0,0.0,0
mall Industries Development Bank of India (SIDBI),1,310000,310000.0,0.0,0
"pi Ventures, Blume Ventures",1,1200000,1200000.0,0.0,0
"ru-Net, Sequoia Capital,  Lightbox Ventures",1,30000000,30000000.0,0.0,0
undisclosed investor,3,1525000,508333.3333333333,440407.0087241271,0
undisclosed investors,11,8390000,762727.2727272727,570773.000571872,3
undisclosed private investors,1,500000,500000.0,0.0,0
vCommission,3,289000,96333.33333333333,6350.852961085884,0
